{
    "workflowNote": "",
    "workflowState": "ACTIVE",
    "ecr:lastModifiedBy": "admin",
    "ecr:lastModified": "2018-08-03T15:06:22.458+08:00",
    "startTime": "",
    "endTime": "",
    "priority": 10,
    "ecr:createDate": "2018-08-03T12:50:23.055+08:00",
    "ecr:type": "content-item",
    "triggers": [{"exactLocation": false}],
    "contentItem": {
        "layout": [],
        "disableLayout": false,
        "@name": "HTML Tag",
        "@type": "htmlTag",
        "tagType": "",
        "selfClose": false,
        "id": "",
        "class": "",
        "function": {
            "@name": "HTML Content",
            "@type": "htmlContent",
            "htmlContent": "<a class=\"learn-more-link\" href=\"/store/faqs/material-handling\" target=\"_black\"><i class=\"freeman-icon-faqs\"><\/i><span>View MHA FAQs<\/span><\/a>"
        }
    }
}