{
    "@description": "${template.description}",
    "@group": "Function",
    "ecr:createDate": "2019-09-23T17:09:22.485+08:00",
    "@thumbnailUrl": "thumbnail.png",
    "ecr:type": "template",
    "locales": {},
    "typeInfo": {
        "promotion": {
            "@propertyType": "ContentItem",
            "@group": "Function"
        },
        "emptyMessage": {"@propertyType": "String"}
    },
    "defaultContentItem": {
        "emptyMessage": "Please contact with administrator because there is no any Freeman category in the Show.",
        "@name": "Freeman Products And Services",
        "promotion": {}
    },
    "editorPanel": {
        "editor": "editors/DefaultEditorPanel",
        "children": [{
            "editor": "editors/StringEditor",
            "propertyName": "emptyMessage",
            "label": "${template.emptyMessage}",
            "enabled": true
        }]
    }
}