{
    "workflowNote": "",
    "userSegments": ["CesShow"],
    "workflowState": "ACTIVE",
    "ecr:lastModifiedBy": "admin",
    "ecr:lastModified": "2018-11-28T11:22:25.721+08:00",
    "startTime": "",
    "endTime": "",
    "priority": 10,
    "ecr:createDate": "2018-07-13T09:51:29.400+08:00",
    "ecr:type": "content-item",
    "triggers": [{"exactLocation": false}],
    "contentItem": {
        "cssName": "category/category",
        "@name": "Products And Services",
        "metaKeywords": "",
        "@type": "oneColumnPage",
        "title": "FreemanOnline Events and Exhibit Solutions",
        "metaDescription": "",
        "redirectGroup": "",
        "jsName": "category/category",
        "headerContent": [{
            "ruleLimit": "1",
            "@name": "Main Content Slot",
            "templateTypes": ["Layout"],
            "templateIds": [],
            "@type": "contentSlotLayout",
            "contentPaths": ["/content/Shared/Header"]
        }],
        "slideOutContent": [{
            "ruleLimit": "1",
            "@name": "SlideOut Content Slot",
            "templateTypes": ["Layout"],
            "templateIds": [],
            "@type": "contentSlotLayout",
            "contentPaths": ["/content/Shared/SlideOut"]
        }],
        "mainContent": [{
            "disableLayout": false,
            "@name": "HTML Tag",
            "@type": "htmlTag",
            "tagType": "div",
            "selfClose": false,
            "id": "",
            "class": "main_content menu_bar category-body clearfix browse-extend-background",
            "layout": [
                {
                    "disableLayout": false,
                    "@name": "HTML Tag",
                    "@type": "htmlTag",
                    "tagType": "div",
                    "selfClose": false,
                    "id": "",
                    "class": "product-content content-width content-area-background",
                    "layout": [
                        {
                            "layout": [],
                            "disableLayout": false,
                            "@name": "Category Breadcrumb",
                            "@type": "htmlTag",
                            "tagType": "",
                            "selfClose": false,
                            "id": "",
                            "class": "",
                            "function": {
                                "@name": "Category Breadcrumb",
                                "@type": "categoryBreadcrumb"
                            }
                        },
                        {
                            "disableLayout": false,
                            "@name": "Title And View Booth",
                            "@type": "htmlTag",
                            "tagType": "div",
                            "selfClose": false,
                            "id": "",
                            "class": "clearfix product-sub",
                            "layout": [
                                {
                                    "layout": [],
                                    "disableLayout": false,
                                    "@name": "Title",
                                    "@type": "htmlTag",
                                    "tagType": "",
                                    "selfClose": false,
                                    "id": "",
                                    "class": "",
                                    "function": {
                                        "@name": "Category Title",
                                        "@type": "categoryTitle",
                                        "customizedTitle": "Product Catalog"
                                    }
                                },
                                {
                                    "layout": [],
                                    "disableLayout": false,
                                    "@name": "View Booth",
                                    "@type": "htmlTag",
                                    "tagType": "",
                                    "selfClose": false,
                                    "id": "",
                                    "class": "",
                                    "function": {
                                        "@name": "View Booth Equipment",
                                        "@type": "viewBoothEquipment"
                                    }
                                }
                            ],
                            "function": {}
                        },
                        {
                            "ruleLimit": "1",
                            "@name": "Main Content Slot",
                            "templateTypes": ["Layout"],
                            "templateIds": [],
                            "@type": "contentSlotLayout",
                            "contentPaths": ["/content/Shared/Ticker"]
                        },
                        {
                            "layout": [],
                            "disableLayout": false,
                            "@name": "Freeman Products And Services",
                            "@type": "htmlTag",
                            "tagType": "",
                            "selfClose": false,
                            "id": "",
                            "class": "",
                            "function": {
                                "emptyMessage": "Please contact with administrator because there is no any Freeman category in the Show.",
                                "@name": "Freeman Products And Services",
                                "@type": "freemanProductsAndServices",
                                "promotion": {}
                            }
                        },
                        {
                            "layout": [],
                            "disableLayout": false,
                            "@name": "Ad Banner",
                            "@type": "htmlTag",
                            "tagType": "div",
                            "selfClose": false,
                            "id": "",
                            "class": "",
                            "function": {
                                "@name": "Personalization Banner",
                                "@type": "personalizationBanner",
                                "targeter": "/atg/registry/RepositoryTargeters/CategoryMiddleBottom",
                                "maxNum": "1",
                                "containerLocation": "category-bottom",
                                "displayPage": "",
                                "creative": "Product Catalog"
                            }
                        },
                        {
                            "layout": [],
                            "disableLayout": false,
                            "@name": "Non-Freeman Products And Services",
                            "@type": "htmlTag",
                            "tagType": "",
                            "selfClose": false,
                            "id": "",
                            "class": "",
                            "function": {
                                "@name": "Non-Freeman Products And Services",
                                "@type": "nonFreemanProductsAndServices"
                            }
                        }
                    ],
                    "function": {}
                },
                {
                    "layout": [],
                    "disableLayout": false,
                    "@name": "Freeman Popup",
                    "@type": "htmlTag",
                    "tagType": "",
                    "selfClose": false,
                    "id": "",
                    "class": "",
                    "function": {
                        "@name": "Freeman Popup",
                        "@type": "freemanPopup"
                    }
                }
            ],
            "function": {}
        }],
        "footerContent": [{
            "ruleLimit": "1",
            "@name": "Footer Content Slot",
            "templateTypes": ["Layout"],
            "templateIds": [],
            "@type": "contentSlotLayout",
            "contentPaths": ["/content/Shared/Footer"]
        }]
    }
}