{
    "@description": "${template.description}",
    "@group": "Page",
    "ecr:createDate": "2019-09-23T17:09:22.736+08:00",
    "@thumbnailUrl": "thumbnail.png",
    "ecr:type": "template",
    "locales": {},
    "typeInfo": {
        "contentPaths": {"@propertyType": "List"},
        "templateTypes": {"@propertyType": "List"},
        "templateIds": {"@propertyType": "List"},
        "ruleLimit": {"@propertyType": "String"},
        "redirectGroup": {"@propertyType": "String"}
    },
    "defaultContentItem": {
        "ruleLimit": "1",
        "@name": "Dynamic Page Slot",
        "templateTypes": ["Page"],
        "templateIds": [],
        "contentPaths": [],
        "redirectGroup": ""
    },
    "editorPanel": {
        "editor": "editors/DefaultEditorPanel",
        "children": [{"editor": "editors/DynamicSlotEditor"}]
    }
}