{
    "workflowNote": "",
    "workflowState": "ACTIVE",
    "ecr:lastModifiedBy": "admin",
    "ecr:lastModified": "2019-03-01T10:22:51.288Z",
    "startTime": "",
    "endTime": "",
    "priority": 10,
    "ecr:createDate": "2019-03-01T18:22:51.288+08:00",
    "ecr:type": "content-item",
    "triggers": [{"exactLocation": false}],
    "contentItem": {
        "disableLayout": false,
        "@name": "HTML Tag",
        "@type": "htmlTag",
        "tagType": "",
        "selfClose": false,
        "id": "",
        "class": "",
        "layout": [{
            "ruleLimit": "1",
            "@name": "Main Content Slot",
            "templateTypes": ["Layout"],
            "templateIds": [],
            "@type": "contentSlotLayout",
            "contentPaths": ["/content/Shared/Orders And Invoices"]
        }],
        "function": {}
    }
}