{
    "workflowNote": "",
    "workflowState": "ACTIVE",
    "ecr:lastModifiedBy": "admin",
    "ecr:lastModified": "2018-11-28T11:22:25.633+08:00",
    "startTime": "",
    "endTime": "",
    "priority": 20,
    "ecr:createDate": "2017-10-18T15:43:52.106+08:00",
    "ecr:type": "content-item",
    "triggers": [{"exactLocation": false}],
    "contentItem": {
        "cssName": "pdp/style",
        "@name": "Default Product Detail Page",
        "metaKeywords": "",
        "@type": "oneColumnPage",
        "title": "FreemanOnline Events and Exhibit Solutions",
        "metaDescription": "",
        "redirectGroup": "",
        "jsName": "pdp/productDetail",
        "headerContent": [{
            "ruleLimit": "1",
            "@name": "Main Content Slot",
            "templateTypes": ["Layout"],
            "templateIds": [],
            "@type": "contentSlotLayout",
            "contentPaths": ["/content/Shared/Header"]
        }],
        "slideOutContent": [{
            "ruleLimit": "1",
            "@name": "SlideOut Content Slot",
            "templateTypes": ["Layout"],
            "templateIds": [],
            "@type": "contentSlotLayout",
            "contentPaths": ["/content/Shared/SlideOut"]
        }],
        "mainContent": [{
            "disableLayout": false,
            "@name": "Main Content",
            "@type": "htmlTag",
            "tagType": "div",
            "selfClose": false,
            "id": "",
            "class": "main_content menu_bar browse-extend-background",
            "layout": [
                {
                    "disableLayout": false,
                    "@name": "Two Column",
                    "@type": "htmlTag",
                    "tagType": "div",
                    "selfClose": false,
                    "id": "",
                    "class": "search-body content-width clearfix",
                    "layout": [
                        {
                            "disableLayout": false,
                            "@name": "Left",
                            "@type": "htmlTag",
                            "tagType": "div",
                            "selfClose": false,
                            "id": "",
                            "class": "left-column col-sm-8",
                            "layout": [
                                {
                                    "layout": [],
                                    "disableLayout": false,
                                    "@name": "Product Breadcrumb",
                                    "@type": "htmlTag",
                                    "tagType": "",
                                    "selfClose": false,
                                    "id": "",
                                    "class": "",
                                    "function": {
                                        "@name": "Product Breadcrumb",
                                        "@type": "productBreadcrumb"
                                    }
                                },
                                {
                                    "layout": [],
                                    "disableLayout": false,
                                    "@name": "Product Image",
                                    "@type": "htmlTag",
                                    "tagType": "",
                                    "selfClose": false,
                                    "id": "",
                                    "class": "",
                                    "function": {
                                        "@name": "Product Image",
                                        "@type": "productImage",
                                        "title": "Product Image",
                                        "numOfDisplayedImages": "4"
                                    }
                                },
                                {
                                    "layout": [],
                                    "disableLayout": true,
                                    "@name": "Products In Packages",
                                    "@type": "htmlTag",
                                    "tagType": "",
                                    "selfClose": false,
                                    "id": "",
                                    "class": "",
                                    "function": {
                                        "@name": "Products In Packages",
                                        "@type": "productsInPackages",
                                        "numOfDisplayedRecords": "4",
                                        "title": "Products In Packages"
                                    }
                                },
                                {
                                    "layout": [],
                                    "disableLayout": true,
                                    "@name": "Products Available Packages",
                                    "@type": "htmlTag",
                                    "tagType": "",
                                    "selfClose": false,
                                    "id": "",
                                    "class": "",
                                    "function": {
                                        "@name": "Products Available Packages",
                                        "@type": "productsAvailablePackages",
                                        "numOfDisplayedRecords": "4",
                                        "title": "Products Available Packages"
                                    }
                                },
                                {
                                    "layout": [],
                                    "disableLayout": false,
                                    "@name": "Product Upgrade Available",
                                    "@type": "htmlTag",
                                    "tagType": "",
                                    "selfClose": false,
                                    "id": "",
                                    "class": "",
                                    "function": {
                                        "@name": "Product Upgrade Available",
                                        "enableRightArrow": true,
                                        "@type": "productUpgrade",
                                        "enableLeftArrow": true,
                                        "numOfDisplayedRecords": "4",
                                        "title": "Product Upgrade Available"
                                    }
                                },
                                {
                                    "layout": [],
                                    "disableLayout": false,
                                    "@name": "Related Products Services",
                                    "@type": "htmlTag",
                                    "tagType": "",
                                    "selfClose": false,
                                    "id": "",
                                    "class": "",
                                    "function": {
                                        "@name": "Related Products Services",
                                        "enableRightArrow": true,
                                        "@type": "relatedProductServices",
                                        "enableLeftArrow": true,
                                        "numOfDisplayedRecords": "4",
                                        "title": "Related Product & Service"
                                    }
                                },
                                {
                                    "layout": [],
                                    "disableLayout": false,
                                    "@name": "Recently Viewed Products",
                                    "@type": "htmlTag",
                                    "tagType": "",
                                    "selfClose": false,
                                    "id": "",
                                    "class": "",
                                    "function": {
                                        "@name": "Recently Viewed Products",
                                        "enableRightArrow": true,
                                        "@type": "recentlyViewedProducts",
                                        "enableLeftArrow": true,
                                        "numOfDisplayedRecords": "4",
                                        "title": "Recently Viewed Products"
                                    }
                                }
                            ],
                            "function": {}
                        },
                        {
                            "disableLayout": false,
                            "@name": "Right",
                            "@type": "htmlTag",
                            "tagType": "div",
                            "selfClose": false,
                            "id": "",
                            "class": "right-column col-sm-4",
                            "layout": [
                                {
                                    "layout": [],
                                    "disableLayout": false,
                                    "@name": "Product Info",
                                    "@type": "htmlTag",
                                    "tagType": "",
                                    "selfClose": false,
                                    "id": "",
                                    "class": "",
                                    "function": {
                                        "@name": "Product Info",
                                        "@type": "productInfo"
                                    }
                                },
                                {
                                    "layout": [],
                                    "disableLayout": false,
                                    "@name": "Product Selections",
                                    "@type": "htmlTag",
                                    "tagType": "",
                                    "selfClose": false,
                                    "id": "",
                                    "class": "",
                                    "function": {
                                        "@name": "Product Selections",
                                        "@type": "productSelections"
                                    }
                                }
                            ],
                            "function": {}
                        },
                        {
                            "layout": [],
                            "disableLayout": false,
                            "@name": "Compare Tray",
                            "@type": "htmlTag",
                            "tagType": "",
                            "selfClose": false,
                            "id": "",
                            "class": "",
                            "function": {
                                "@name": "Compare Tray",
                                "@type": "compareTray"
                            }
                        }
                    ],
                    "function": {}
                },
                {
                    "layout": [],
                    "disableLayout": false,
                    "@name": "Freeman Popup",
                    "@type": "htmlTag",
                    "tagType": "",
                    "selfClose": false,
                    "id": "",
                    "class": "",
                    "function": {
                        "@name": "Freeman Popup",
                        "@type": "freemanPopup"
                    }
                }
            ],
            "function": {}
        }],
        "footerContent": [{
            "ruleLimit": "1",
            "@name": "Footer Content Slot",
            "templateTypes": ["Layout"],
            "templateIds": [],
            "@type": "contentSlotLayout",
            "contentPaths": ["/content/Shared/Footer"]
        }]
    }
}