{
    "@description": "${template.description}",
    "@group": "AutoSuggest",
    "ecr:createDate": "2019-09-23T17:09:22.143+08:00",
    "@thumbnailUrl": "thumbnail.jpg",
    "ecr:type": "template",
    "locales": {},
    "typeInfo": {"maxResults": {"@propertyType": "String"}},
    "defaultContentItem": {
        "@name": "Search Auto-Suggest",
        "maxResults": "10"
    },
    "editorPanel": {
        "editor": "editors/DefaultEditorPanel",
        "children": [
            {
                "editor": "GroupLabel",
                "label": "${group.displaySettings.label}"
            },
            {
                "editor": "editors/NumericStepperEditor",
                "propertyName": "maxResults",
                "maxValue": 100,
                "label": "${property.maxResults.label}",
                "enabled": true
            }
        ]
    }
}