{
    "workflowNote": "",
    "ecr:lastModifiedBy": "admin",
    "ecr:lastModified": "2018-03-08T08:29:20.258Z",
    "contentType": "Page",
    "ecr:createDate": "2018-03-08T16:29:20.258+08:00",
    "ecr:type": "page",
    "contentItem": {
        "ruleLimit": "1",
        "@name": "Dynamic Page Slot",
        "templateTypes": ["Page"],
        "templateIds": [],
        "@type": "pageSlot",
        "contentPaths": ["/content/Web/Cart Summary"],
        "redirectGroup": ""
    }
}