{
    "@description": "${template.description}",
    "@group": "Function",
    "ecr:createDate": "2019-09-23T17:09:22.553+08:00",
    "@thumbnailUrl": "",
    "ecr:type": "template",
    "locales": {},
    "typeInfo": {"barItem": {"@propertyType": "String"}},
    "defaultContentItem": {
        "@name": "Labor Progress Bar",
        "barItem": ""
    },
    "editorPanel": {
        "editor": "editors/DefaultEditorPanel",
        "children": [{
            "editor": "editors/ChoiceEditor",
            "propertyName": "barItem",
            "label": "Progress Bar Item",
            "choice": [
                {
                    "label": "Labor Select",
                    "value": "laborSelect"
                },
                {
                    "label": "Labor Detail",
                    "value": "laborDetail"
                },
                {
                    "label": "Labor Confirm",
                    "value": "laborConfirm"
                }
            ]
        }]
    }
}