{
    "workflowNote": "",
    "ecr:lastModifiedBy": "admin",
    "ecr:lastModified": "2017-02-10T03:54:25.588Z",
    "contentType": "Page",
    "ecr:createDate": "2017-02-10T11:54:25.588+08:00",
    "ecr:type": "page",
    "contentItem": {
        "ruleLimit": "1",
        "@name": "Dynamic Page Slot",
        "templateTypes": ["Page"],
        "templateIds": [],
        "@type": "pageSlot",
        "contentPaths": ["/content/Web/Search Pages"],
        "redirectGroup": ""
    }
}