{
    "workflowNote": "",
    "workflowState": "ACTIVE",
    "ecr:lastModifiedBy": "admin",
    "ecr:lastModified": "2017-12-20T10:40:56.412Z",
    "startTime": "",
    "endTime": "",
    "priority": 10,
    "ecr:createDate": "2017-12-20T18:40:56.411+08:00",
    "ecr:type": "content-item",
    "triggers": [{"exactLocation": false}],
    "contentItem": {
        "ruleLimit": "1",
        "@name": "Main Content Slot",
        "templateTypes": ["Layout"],
        "templateIds": [],
        "@type": "contentSlotLayout",
        "contentPaths": ["/content/Shared/PLP Results List"]
    }
}