{
    "workflowNote": "",
    "workflowState": "ACTIVE",
    "ecr:lastModifiedBy": "admin",
    "ecr:lastModified": "2019-07-26T16:12:06.277+08:00",
    "startTime": "",
    "endTime": "",
    "priority": 10,
    "ecr:createDate": "2019-07-26T16:00:13.328+08:00",
    "ecr:type": "content-item",
    "triggers": [{"exactLocation": false}],
    "contentItem": {
        "cssName": "checkout/style",
        "@name": "One Column Page",
        "metaKeywords": "",
        "@type": "oneColumnPage",
        "title": "FreemanOnline Events and Exhibit Solutions",
        "metaDescription": "",
        "redirectGroup": "",
        "jsName": "checkout/createPaymentMethod",
        "headerContent": [{
            "ruleLimit": "1",
            "@name": "Main Content Slot",
            "templateTypes": ["Layout"],
            "templateIds": [],
            "@type": "contentSlotLayout",
            "contentPaths": ["/content/Shared/Header"]
        }],
        "slideOutContent": [{
            "ruleLimit": "1",
            "@name": "Main Content Slot",
            "templateTypes": ["Layout"],
            "templateIds": [],
            "@type": "contentSlotLayout",
            "contentPaths": ["/content/Shared/SlideOut"]
        }],
        "mainContent": [{
            "disableLayout": false,
            "@name": "HTML Tag",
            "@type": "htmlTag",
            "tagType": "div",
            "selfClose": false,
            "id": "",
            "class": "main_content browse-extend-background",
            "layout": [{
                "disableLayout": false,
                "@name": "HTML Tag",
                "@type": "htmlTag",
                "tagType": "div",
                "selfClose": false,
                "id": "",
                "class": "content-width payment-content",
                "layout": [
                    {
                        "layout": [],
                        "disableLayout": false,
                        "@name": "HTML Tag",
                        "@type": "htmlTag",
                        "tagType": "div",
                        "selfClose": false,
                        "id": "",
                        "class": "hidden-xs",
                        "function": {
                            "attributeId": "",
                            "@name": "Configurable Breadcrumb",
                            "attributeClass": "",
                            "@type": "configurableBreadcrumb",
                            "breadcrumbItems": [
                                {
                                    "attributeId": "",
                                    "@name": "Home",
                                    "isDynamic": true,
                                    "attributeClass": "",
                                    "displayName": "Home",
                                    "@type": "breadcrumbItem",
                                    "url": "/user/my-dashbord.jsp"
                                },
                                {
                                    "attributeId": "",
                                    "@name": "Your Show Move-Out",
                                    "isDynamic": true,
                                    "attributeClass": "",
                                    "displayName": "Your Show Move-Out",
                                    "@type": "breadcrumbItem",
                                    "url": "/mha/show-move-out/list"
                                },
                                {
                                    "attributeId": "",
                                    "@name": "Add Method of Payment",
                                    "isDynamic": true,
                                    "attributeClass": "",
                                    "displayName": "Add Method of Payment",
                                    "@type": "breadcrumbItem",
                                    "url": ""
                                }
                            ]
                        }
                    },
                    {
                        "layout": [],
                        "disableLayout": false,
                        "@name": "HTML Tag",
                        "@type": "htmlTag",
                        "tagType": "div",
                        "selfClose": false,
                        "id": "",
                        "class": "",
                        "function": {
                            "@name": "HTML Content",
                            "@type": "htmlContent",
                            "htmlContent": "<div class=\"checkout-header\">\n                        <h1 class=\"margin-bottom-0\">\n                            Add Method of Payment\n                        <\/h1>\n                        <p>* Required Field<\/p>\n                        <p class=\"header-static-txt\">\n                            In order to ensure a smooth and timely move-out, please enter your credit card as it is required prior to submitting your Material Handling Agreement.\n                        <\/p>\n                    <\/div>"
                        }
                    },
                    {
                        "layout": [],
                        "disableLayout": false,
                        "@name": "HTML Tag",
                        "@type": "htmlTag",
                        "tagType": "div",
                        "selfClose": false,
                        "id": "",
                        "class": "",
                        "function": {
                            "@name": "mhaCreatePaymentMethod",
                            "@type": "mhaCreatePaymentMethod"
                        }
                    }
                ],
                "function": {}
            }],
            "function": {}
        }],
        "footerContent": [{
            "ruleLimit": "1",
            "@name": "Main Content Slot",
            "templateTypes": ["Layout"],
            "templateIds": [],
            "@type": "contentSlotLayout",
            "contentPaths": ["/content/Shared/Footer"]
        }]
    }
}