{
    "workflowNote": "",
    "ecr:lastModifiedBy": "admin",
    "ecr:lastModified": "2019-02-18T03:13:25.592Z",
    "contentType": "Page",
    "ecr:createDate": "2019-02-18T11:13:25.592+08:00",
    "ecr:type": "page",
    "contentItem": {
        "ruleLimit": "1",
        "@name": "Dynamic Page Slot",
        "templateTypes": ["Page"],
        "templateIds": [],
        "@type": "pageSlot",
        "contentPaths": ["/content/Web/Show Move-Out Page/Show Move-Out Landing"],
        "redirectGroup": ""
    }
}