{
    "workflowNote": "",
    "workflowState": "ACTIVE",
    "ecr:lastModifiedBy": "admin",
    "ecr:lastModified": "2018-11-28T11:22:25.618+08:00",
    "startTime": "",
    "endTime": "",
    "priority": 10,
    "ecr:createDate": "2018-08-03T13:37:01.057+08:00",
    "ecr:type": "content-item",
    "triggers": [{"exactLocation": false}],
    "contentItem": {
        "cssName": "mha-additional-label/style",
        "@name": "One Column Page",
        "metaKeywords": "",
        "@type": "oneColumnPage",
        "title": "FreemanOnline Events and Exhibit Solutions",
        "metaDescription": "",
        "redirectGroup": "",
        "jsName": "mha/requestLabel",
        "headerContent": [{
            "ruleLimit": "1",
            "@name": "Main Content Slot",
            "templateTypes": ["Layout"],
            "templateIds": [],
            "@type": "contentSlotLayout",
            "contentPaths": ["/content/Shared/Header"]
        }],
        "slideOutContent": [{
            "ruleLimit": "1",
            "@name": "Main Content Slot",
            "templateTypes": ["Layout"],
            "templateIds": [],
            "@type": "contentSlotLayout",
            "contentPaths": ["/content/Shared/SlideOut"]
        }],
        "mainContent": [{
            "disableLayout": false,
            "@name": "HTML Tag",
            "@type": "htmlTag",
            "tagType": "div",
            "selfClose": false,
            "id": "",
            "class": "main_content menu_bar clearfix browse-extend-background",
            "layout": [{
                "disableLayout": false,
                "@name": "HTML Tag",
                "@type": "htmlTag",
                "tagType": "div",
                "selfClose": false,
                "id": "",
                "class": "content-width content-area-background",
                "layout": [
                    {
                        "layout": [],
                        "disableLayout": false,
                        "@name": "HTML Tag",
                        "@type": "htmlTag",
                        "tagType": "div",
                        "selfClose": false,
                        "id": "",
                        "class": "hidden-xs",
                        "function": {
                            "attributeId": "",
                            "@name": "Configurable Breadcrumb",
                            "attributeClass": "",
                            "@type": "configurableBreadcrumb",
                            "breadcrumbItems": [
                                {
                                    "attributeId": "",
                                    "@name": "Home",
                                    "isDynamic": true,
                                    "attributeClass": "",
                                    "displayName": "Home",
                                    "@type": "breadcrumbItem",
                                    "url": "/user/my-dashbord.jsp"
                                },
                                {
                                    "attributeId": "",
                                    "@name": "Your Show Move-Out",
                                    "isDynamic": false,
                                    "attributeClass": "",
                                    "displayName": "Your Show Move-Out",
                                    "@type": "breadcrumbItem",
                                    "url": "/mha/show-move-out/list"
                                },
                                {
                                    "attributeId": "",
                                    "@name": "Request Shipping Labels",
                                    "isDynamic": false,
                                    "attributeClass": "",
                                    "displayName": "Request Shipping Labels",
                                    "@type": "breadcrumbItem",
                                    "url": ""
                                }
                            ]
                        }
                    },
                    {
                        "disableLayout": false,
                        "@name": "HTML Tag",
                        "@type": "htmlTag",
                        "tagType": "div",
                        "selfClose": false,
                        "id": "",
                        "class": "clearfix page-title",
                        "layout": [
                            {
                                "layout": [],
                                "disableLayout": false,
                                "@name": "Title",
                                "@type": "htmlTag",
                                "tagType": "div",
                                "selfClose": false,
                                "id": "",
                                "class": "col-lg-12 col-md-12 col-sm-12 col-xs-12 title",
                                "function": {
                                    "@name": "HTML Content",
                                    "@type": "htmlContent",
                                    "htmlContent": "<h3>Request Shipping Labels<\/h3>"
                                }
                            },
                            {
                                "layout": [],
                                "disableLayout": false,
                                "@name": "Title Text",
                                "@type": "htmlTag",
                                "tagType": "div",
                                "selfClose": false,
                                "id": "",
                                "class": "col-lg-12 col-md-12 col-sm-12 col-xs-12",
                                "function": {
                                    "@name": "HTML Content",
                                    "@type": "htmlContent",
                                    "htmlContent": "<p>Freeman provides standard shipping labels. Exhibitors are responsible for providing carrier specific labels if required (such as UPS or FedEx). Freeman will deliver the shipping labels to your booth or you may pick up the labels from the service desk.<\/p>"
                                }
                            }
                        ],
                        "function": {}
                    },
                    {
                        "layout": [],
                        "disableLayout": false,
                        "@name": "HTML Tag",
                        "@type": "htmlTag",
                        "tagType": "",
                        "selfClose": false,
                        "id": "",
                        "class": "",
                        "function": {
                            "@name": "Show Move Out Label",
                            "@type": "showMoveOutLabel"
                        }
                    }
                ],
                "function": {}
            }],
            "function": {}
        }],
        "footerContent": [{
            "ruleLimit": "1",
            "@name": "Footer Content Slot",
            "templateTypes": ["Layout"],
            "templateIds": [],
            "@type": "contentSlotLayout",
            "contentPaths": ["/content/Shared/Footer"]
        }]
    }
}