{
    "workflowNote": "",
    "workflowState": "ACTIVE",
    "ecr:lastModifiedBy": "derek",
    "ecr:lastModified": "2019-08-30T14:24:38.130Z",
    "startTime": "",
    "endTime": "",
    "priority": 10,
    "ecr:createDate": "2017-02-16T15:31:22.929+08:00",
    "ecr:type": "content-item",
    "triggers": [{"exactLocation": false}],
    "contentItem": {
        "layout": [],
        "disableLayout": false,
        "@name": "Guided Navigation",
        "@type": "htmlTag",
        "tagType": "",
        "selfClose": false,
        "id": "",
        "class": "",
        "function": {
            "@name": "Navigation",
            "@type": "guidedNavigation",
            "navigation": [
                {
                    "lessLinkText": "Show Less",
                    "numRefinements": "50",
                    "buryRefinements": [],
                    "@name": "Category",
                    "dimensionId": "1",
                    "moreLinkText": "Show More",
                    "boostRefinements": [],
                    "@type": "refinementMenu",
                    "maxNumRefinements": "500",
                    "sort": "dynRank",
                    "showMoreLink": true,
                    "dimensionName": "Category"
                },
                {
                    "@name": "Date Range",
                    "@type": "dateRangeMenu"
                },
                {
                    "lessLinkText": "Show Less",
                    "numRefinements": "5",
                    "buryRefinements": [],
                    "@name": "Status",
                    "dimensionId": "3",
                    "moreLinkText": "Show More",
                    "boostRefinements": [],
                    "@type": "refinementMenu",
                    "maxNumRefinements": "500",
                    "sort": "dynRank",
                    "showMoreLink": true,
                    "dimensionName": "Status"
                },
                {
                    "lessLinkText": "Show Less",
                    "numRefinements": "5",
                    "buryRefinements": [],
                    "@name": "City",
                    "dimensionId": "4",
                    "moreLinkText": "Show More",
                    "boostRefinements": [],
                    "@type": "refinementMenu",
                    "maxNumRefinements": "500",
                    "sort": "dynRank",
                    "showMoreLink": true,
                    "dimensionName": "City"
                },
                {
                    "lessLinkText": "Show Less",
                    "numRefinements": "5",
                    "buryRefinements": [],
                    "@name": "State / Province",
                    "dimensionId": "6",
                    "moreLinkText": "Show More",
                    "boostRefinements": [],
                    "@type": "refinementMenu",
                    "maxNumRefinements": "500",
                    "sort": "dynRank",
                    "showMoreLink": true,
                    "dimensionName": "State"
                },
                {
                    "lessLinkText": "Show Less",
                    "numRefinements": "5",
                    "buryRefinements": [],
                    "@name": "Venue",
                    "dimensionId": "2",
                    "moreLinkText": "Show More",
                    "boostRefinements": [],
                    "@type": "refinementMenu",
                    "maxNumRefinements": "500",
                    "sort": "dynRank",
                    "showMoreLink": true,
                    "dimensionName": "Venue"
                },
                {
                    "lessLinkText": "Show Less",
                    "numRefinements": "5",
                    "buryRefinements": [],
                    "@name": "Country",
                    "dimensionId": "5",
                    "moreLinkText": "Show More",
                    "boostRefinements": [],
                    "@type": "refinementMenu",
                    "maxNumRefinements": "500",
                    "sort": "dynRank",
                    "showMoreLink": true,
                    "dimensionName": "Country"
                },
                {
                    "lessLinkText": "Show Less",
                    "numRefinements": "5",
                    "buryRefinements": [],
                    "@name": "Highlighted",
                    "dimensionId": "60",
                    "moreLinkText": "Show More",
                    "@type": "refinementMenu",
                    "maxNumRefinements": "500",
                    "sort": "dynRank",
                    "showMoreLink": true,
                    "dimensionName": "Highlighted",
                    "boostRefinements": [
                        {
                            "@class": "com.endeca.infront.navigation.model.DvalSpec",
                            "name": "Best-seller",
                            "id": "12100"
                        },
                        {
                            "@class": "com.endeca.infront.navigation.model.DvalSpec",
                            "name": "Frequently Missed",
                            "id": "12098"
                        },
                        {
                            "@class": "com.endeca.infront.navigation.model.DvalSpec",
                            "name": "Good",
                            "id": "12114"
                        },
                        {
                            "@class": "com.endeca.infront.navigation.model.DvalSpec",
                            "name": "Better",
                            "id": "12113"
                        },
                        {
                            "@class": "com.endeca.infront.navigation.model.DvalSpec",
                            "name": "Best",
                            "id": "12112"
                        }
                    ]
                },
                {
                    "lessLinkText": "Show Less",
                    "numRefinements": "5",
                    "buryRefinements": [],
                    "@name": "Color",
                    "dimensionId": "11",
                    "moreLinkText": "Show More",
                    "boostRefinements": [],
                    "@type": "refinementMenu",
                    "maxNumRefinements": "500",
                    "sort": "dynRank",
                    "showMoreLink": true,
                    "dimensionName": "Color"
                },
                {
                    "lessLinkText": "Show Less",
                    "numRefinements": "5",
                    "buryRefinements": [],
                    "@name": "Length",
                    "dimensionId": "58",
                    "moreLinkText": "Show More",
                    "boostRefinements": [],
                    "@type": "refinementMenu",
                    "maxNumRefinements": "500",
                    "sort": "default",
                    "showMoreLink": false,
                    "dimensionName": "Length"
                },
                {
                    "lessLinkText": "Show Less",
                    "numRefinements": "5",
                    "buryRefinements": [],
                    "@name": "Width",
                    "dimensionId": "9",
                    "moreLinkText": "Show More",
                    "boostRefinements": [],
                    "@type": "refinementMenu",
                    "maxNumRefinements": "500",
                    "sort": "dynRank",
                    "showMoreLink": true,
                    "dimensionName": "Width"
                },
                {
                    "lessLinkText": "Show Less",
                    "numRefinements": "5",
                    "buryRefinements": [],
                    "@name": "Height",
                    "dimensionId": "10",
                    "moreLinkText": "Show More",
                    "boostRefinements": [],
                    "@type": "refinementMenu",
                    "maxNumRefinements": "500",
                    "sort": "dynRank",
                    "showMoreLink": true,
                    "dimensionName": "Height"
                },
                {
                    "lessLinkText": "Show Less",
                    "numRefinements": "5",
                    "buryRefinements": [],
                    "@name": "Weight",
                    "dimensionId": "59",
                    "moreLinkText": "Show More",
                    "boostRefinements": [],
                    "@type": "refinementMenu",
                    "maxNumRefinements": "500",
                    "sort": "default",
                    "showMoreLink": false,
                    "dimensionName": "Weight"
                },
                {
                    "@name": "Price Range",
                    "@type": "priceRangeMenu"
                },
                {
                    "lessLinkText": "Show Less",
                    "numRefinements": "5",
                    "buryRefinements": [],
                    "@name": "Form Type",
                    "dimensionId": "21",
                    "moreLinkText": "Show More",
                    "boostRefinements": [],
                    "@type": "refinementMenu",
                    "maxNumRefinements": "500",
                    "sort": "dynRank",
                    "showMoreLink": true,
                    "dimensionName": "Form Type"
                },
                {
                    "lessLinkText": "Show Less",
                    "numRefinements": "5",
                    "buryRefinements": [],
                    "@name": "Shape",
                    "dimensionId": "18",
                    "moreLinkText": "Show More",
                    "boostRefinements": [],
                    "@type": "refinementMenu",
                    "maxNumRefinements": "500",
                    "sort": "dynRank",
                    "showMoreLink": true,
                    "dimensionName": "Shape"
                }
            ]
        }
    }
}