{
    "workflowNote": "",
    "userSegments": ["CesShow"],
    "forceExpansion": "true",
    "workflowState": "ACTIVE",
    "ecr:lastModifiedBy": "admin",
    "ecr:lastModified": "2019-05-14T02:16:49.438-07:00",
    "startTime": "",
    "endTime": "",
    "priority": 5,
    "ecr:createDate": "2019-05-14T01:25:33.456-07:00",
    "ecr:type": "content-item",
    "triggers": [{"exactLocation": false}],
    "contentItem": {
        "cssName": "ces-material-handling/style",
        "@name": "One Column Page",
        "metaKeywords": "",
        "@type": "oneColumnPage",
        "title": "FreemanOnline Events and Exhibit Solutions",
        "metaDescription": "",
        "redirectGroup": "",
        "jsName": "browse/mhLanding",
        "headerContent": [{
            "ruleLimit": "1",
            "@name": "header Content Slot",
            "templateTypes": ["Layout"],
            "templateIds": [],
            "@type": "contentSlotLayout",
            "contentPaths": ["/content/Shared/Header"]
        }],
        "slideOutContent": [{
            "ruleLimit": "1",
            "@name": "slideOut Content Slot",
            "templateTypes": ["Layout"],
            "templateIds": [],
            "@type": "contentSlotLayout",
            "contentPaths": ["/content/Shared/SlideOut"]
        }],
        "mainContent": [{
            "disableLayout": false,
            "@name": "HTML Tag",
            "@type": "htmlTag",
            "tagType": "div",
            "selfClose": false,
            "id": "",
            "class": "main_content browse-extend-background",
            "layout": [{
                "disableLayout": false,
                "@name": "HTML Tag",
                "@type": "htmlTag",
                "tagType": "div",
                "selfClose": false,
                "id": "",
                "class": "content-width content-area-background ces-venue",
                "layout": [
                    {
                        "disableLayout": false,
                        "@name": "HTML Tag",
                        "@type": "htmlTag",
                        "tagType": "div",
                        "selfClose": false,
                        "id": "",
                        "class": "venue-header",
                        "layout": [
                            {
                                "layout": [],
                                "disableLayout": false,
                                "@name": "Beadcrumb",
                                "@type": "htmlTag",
                                "tagType": "",
                                "selfClose": false,
                                "id": "",
                                "class": "",
                                "function": {
                                    "attributeId": "",
                                    "@name": "Configurable Breadcrumb",
                                    "attributeClass": "",
                                    "@type": "configurableBreadcrumb",
                                    "breadcrumbItems": [
                                        {
                                            "attributeId": "",
                                            "@name": "Home",
                                            "isDynamic": true,
                                            "attributeClass": "",
                                            "displayName": "Home",
                                            "@type": "breadcrumbItem",
                                            "url": "/user/my-dashbord.jsp"
                                        },
                                        {
                                            "attributeId": "",
                                            "@name": "Shipping & Material Handling",
                                            "isDynamic": false,
                                            "attributeClass": "",
                                            "displayName": "Shipping & Material Handling",
                                            "@type": "breadcrumbItem",
                                            "url": "/show/ces/template-b?article=ShippingMaterialHandling&showID=@showId@"
                                        },
                                        {
                                            "attributeId": "",
                                            "@name": "Products & Services",
                                            "isDynamic": true,
                                            "attributeClass": "",
                                            "displayName": "Products & Services",
                                            "@type": "breadcrumbItem",
                                            "url": "/products-services?showID=@showID@"
                                        },
                                        {
                                            "attributeId": "",
                                            "@name": "Material Handling & Labels",
                                            "isDynamic": false,
                                            "attributeClass": "",
                                            "displayName": "Material Handling & Labels",
                                            "@type": "breadcrumbItem",
                                            "url": ""
                                        }
                                    ]
                                }
                            },
                            {
                                "layout": [],
                                "disableLayout": false,
                                "@name": "Title",
                                "@type": "htmlTag",
                                "tagType": "",
                                "selfClose": false,
                                "id": "",
                                "class": "",
                                "function": {
                                    "@name": "HTML Content",
                                    "@type": "htmlContent",
                                    "htmlContent": "<h1> Material Handling & Labels <\/h1>"
                                }
                            },
                            {
                                "disableLayout": false,
                                "@name": "Links",
                                "@type": "htmlTag",
                                "tagType": "div",
                                "selfClose": false,
                                "id": "",
                                "class": "top-link shipping-faqs",
                                "layout": [{
                                    "layout": [],
                                    "disableLayout": false,
                                    "@name": "HTML Tag",
                                    "@type": "htmlTag",
                                    "tagType": "",
                                    "selfClose": false,
                                    "id": "",
                                    "class": "",
                                    "function": {
                                        "@name": "HTML Content",
                                        "@type": "htmlContent",
                                        "htmlContent": "<a href=\"#\" target=\"_blank\">\n\n                                  <span class=\"freeman-icon-shipping-material-handling\"><\/span> Where to Ship Your Freight\n\n                                  <\/a>\n\n                                  <a target=\"_blank\" href=\"#\">\n\n                                  <span class=\"freeman-icon-faqs\"><\/span> View MHA FAQs\n\n                                  <\/a>"
                                    }
                                }],
                                "function": {}
                            },
                            {
                                "layout": [],
                                "disableLayout": false,
                                "@name": "Material Handling Text",
                                "@type": "htmlTag",
                                "tagType": "",
                                "selfClose": false,
                                "id": "",
                                "class": "",
                                "function": {
                                    "@name": "Material Handling Text",
                                    "@type": "materialHandlingText"
                                }
                            }
                        ],
                        "function": {}
                    },
                    {
                        "disableLayout": false,
                        "@name": "HTML Tag",
                        "@type": "htmlTag",
                        "tagType": "div",
                        "selfClose": false,
                        "id": "",
                        "class": "venue-content",
                        "layout": [{
                            "layout": [],
                            "disableLayout": false,
                            "@name": "Material Handling Rates",
                            "@type": "htmlTag",
                            "tagType": "",
                            "selfClose": false,
                            "id": "",
                            "class": "",
                            "function": {
                                "@name": "Material Handling Rates",
                                "@type": "cesMaterialHandlingRates"
                            }
                        }],
                        "function": {}
                    }
                ],
                "function": {}
            }],
            "function": {}
        }],
        "footerContent": [{
            "ruleLimit": "1",
            "@name": "Footer Content Slot",
            "templateTypes": ["Layout"],
            "templateIds": [],
            "@type": "contentSlotLayout",
            "contentPaths": ["/content/Shared/Footer"]
        }]
    }
}