{
    "ecr:lastModifiedBy": "admin",
    "ecr:lastModified": "2019-03-05T02:54:16.390Z",
    "contentType": "Page",
    "ecr:createDate": "2019-03-05T10:54:16.390+08:00",
    "ecr:type": "page",
    "contentItem": {
        "ruleLimit": "1",
        "@name": "Dynamic Page Slot",
        "templateTypes": ["Page"],
        "templateIds": [],
        "@type": "pageSlot",
        "contentPaths": ["/content/Web/Exhibit Measurement/Exhibit Measurement Info"],
        "redirectGroup": ""
    }
}