{
    "workflowNote": "",
    "ecr:lastModifiedBy": "admin",
    "ecr:lastModified": "2018-12-14T08:30:08.871Z",
    "contentType": "Page",
    "ecr:createDate": "2018-12-14T16:30:08.871+08:00",
    "ecr:type": "page",
    "contentItem": {
        "ruleLimit": "1",
        "@name": "Dynamic Page Slot",
        "templateTypes": ["Page"],
        "templateIds": [],
        "@type": "pageSlot",
        "contentPaths": ["/content/Web/Cart Confirmation"],
        "redirectGroup": ""
    }
}