{
    "workflowNote": "",
    "workflowState": "ACTIVE",
    "ecr:lastModifiedBy": "admin",
    "ecr:lastModified": "2018-03-08T08:29:20.267Z",
    "startTime": "",
    "endTime": "",
    "priority": 10,
    "ecr:createDate": "2018-03-08T16:29:20.267+08:00",
    "ecr:type": "content-item",
    "triggers": [{"exactLocation": false}],
    "contentItem": {
        "cssName": "cartSummary/style",
        "@name": "One Column Page",
        "metaKeywords": "",
        "@type": "oneColumnPage",
        "title": "FreemanOnline Events and Exhibit Solutions",
        "metaDescription": "",
        "redirectGroup": "",
        "jsName": "cart/cartSummary",
        "headerContent": [{
            "ruleLimit": "1",
            "@name": "Header Content Slot",
            "templateTypes": ["Layout"],
            "templateIds": [],
            "@type": "contentSlotLayout",
            "contentPaths": ["/content/Shared/Header"]
        }],
        "slideOutContent": [{
            "ruleLimit": "1",
            "@name": "SlideOut Content Slot",
            "templateTypes": ["Layout"],
            "templateIds": [],
            "@type": "contentSlotLayout",
            "contentPaths": ["/content/Shared/SlideOut"]
        }],
        "mainContent": [{
            "disableLayout": false,
            "@name": "HTML Tag",
            "@type": "htmlTag",
            "tagType": "div",
            "selfClose": false,
            "id": "",
            "class": "main_content menu_bar clearfix browse-extend-background",
            "layout": [{
                "disableLayout": false,
                "@name": "HTML Tag",
                "@type": "htmlTag",
                "tagType": "div",
                "selfClose": false,
                "id": "",
                "class": "content-width content-area-background",
                "layout": [
                    {
                        "layout": [],
                        "disableLayout": false,
                        "@name": "Cart Breadcrumb",
                        "@type": "htmlTag",
                        "tagType": "",
                        "selfClose": false,
                        "id": "",
                        "class": "",
                        "function": {
                            "@name": "Cart Breadcrumb",
                            "@type": "cartBreadcrumb"
                        }
                    },
                    {
                        "disableLayout": false,
                        "@name": "HTML Tag",
                        "@type": "htmlTag",
                        "tagType": "div",
                        "selfClose": false,
                        "id": "",
                        "class": "clearfix page-title",
                        "layout": [
                            {
                                "layout": [],
                                "disableLayout": false,
                                "@name": "Cart Title",
                                "@type": "htmlTag",
                                "tagType": "",
                                "selfClose": false,
                                "id": "",
                                "class": "",
                                "function": {
                                    "@name": "Cart Title",
                                    "@type": "cartTitle"
                                }
                            },
                            {
                                "layout": [],
                                "disableLayout": false,
                                "@name": "Cart Progress Bar",
                                "@type": "htmlTag",
                                "tagType": "",
                                "selfClose": false,
                                "id": "",
                                "class": "",
                                "function": {
                                    "@name": "Cart Progress Bar",
                                    "barItem": "cartCheckout",
                                    "@type": "cartProgressBar"
                                }
                            }
                        ],
                        "function": {}
                    },
                    {
                        "disableLayout": false,
                        "@name": "HTML Tag",
                        "@type": "htmlTag",
                        "tagType": "div",
                        "selfClose": false,
                        "id": "",
                        "class": "page-content",
                        "layout": [
                            {
                                "disableLayout": false,
                                "@name": "Personalized Content Top",
                                "@type": "htmlTag",
                                "tagType": "div",
                                "selfClose": false,
                                "id": "",
                                "class": "presonalized content-banner",
                                "layout": [{
                                    "layout": [],
                                    "disableLayout": false,
                                    "@name": "HTML Tag",
                                    "@type": "htmlTag",
                                    "tagType": "div",
                                    "selfClose": false,
                                    "id": "",
                                    "class": "clearfix",
                                    "function": {
                                        "@name": "Personalization Banner",
                                        "@type": "personalizationBanner",
                                        "targeter": "/atg/registry/RepositoryTargeters/CartSummaryTop",
                                        "maxNum": "1",
                                        "containerLocation": "cartsummary-top",
                                        "displayPage": "",
                                        "creative": "Cart Summary"
                                    }
                                }],
                                "function": {}
                            },
                            {
                                "layout": [],
                                "disableLayout": false,
                                "@name": "Cart Items",
                                "@type": "htmlTag",
                                "tagType": "",
                                "selfClose": false,
                                "id": "",
                                "class": "",
                                "function": {
                                    "@name": "Cart Items",
                                    "@type": "cartItems",
                                    "middleAdBanner": {
                                        "@name": "Personalization Banner",
                                        "@type": "personalizationBanner",
                                        "targeter": "/atg/registry/RepositoryTargeters/CartSummaryMiddle",
                                        "maxNum": "1",
                                        "containerLocation": "cartsummary-middle",
                                        "displayPage": "",
                                        "creative": "Cart Summary"
                                    }
                                }
                            },
                            {
                                "layout": [],
                                "disableLayout": false,
                                "@name": "Frequently Missed Items",
                                "@type": "htmlTag",
                                "tagType": "",
                                "selfClose": false,
                                "id": "",
                                "class": "",
                                "function": {
                                    "@name": "Frequently Missed Items",
                                    "@type": "frequentlyMissedItems"
                                }
                            },
                            {
                                "disableLayout": false,
                                "@name": "Personalized Content",
                                "@type": "htmlTag",
                                "tagType": "div",
                                "selfClose": false,
                                "id": "",
                                "class": "presonalized content-banner bg-white",
                                "layout": [{
                                    "layout": [],
                                    "disableLayout": false,
                                    "@name": "HTML Tag",
                                    "@type": "htmlTag",
                                    "tagType": "div",
                                    "selfClose": false,
                                    "id": "",
                                    "class": "clearfix",
                                    "function": {
                                        "@name": "Personalization Banner",
                                        "@type": "personalizationBanner",
                                        "targeter": "/atg/registry/RepositoryTargeters/CartSummaryBottom",
                                        "maxNum": "1",
                                        "containerLocation": "cartsummary-bottom",
                                        "displayPage": "",
                                        "creative": "Cart Summary"
                                    }
                                }],
                                "function": {}
                            },
                            {
                                "layout": [],
                                "disableLayout": false,
                                "@name": "Cart Summary",
                                "@type": "htmlTag",
                                "tagType": "",
                                "selfClose": false,
                                "id": "",
                                "class": "",
                                "function": {
                                    "@name": "Cart Summary",
                                    "@type": "cartSummary"
                                }
                            },
                            {
                                "layout": [],
                                "disableLayout": false,
                                "@name": "Cart Labels",
                                "@type": "htmlTag",
                                "tagType": "",
                                "selfClose": false,
                                "id": "",
                                "class": "",
                                "function": {
                                    "@name": "Cart Labels",
                                    "@type": "cartLabels"
                                }
                            }
                        ],
                        "function": {}
                    },
                    {
                        "layout": [],
                        "disableLayout": false,
                        "@name": "Freeman Popup",
                        "@type": "htmlTag",
                        "tagType": "",
                        "selfClose": false,
                        "id": "",
                        "class": "",
                        "function": {
                            "@name": "Freeman Popup",
                            "@type": "freemanPopup"
                        }
                    }
                ],
                "function": {}
            }],
            "function": {}
        }],
        "footerContent": [{
            "ruleLimit": "1",
            "@name": "Footer Content Slot",
            "templateTypes": ["Layout"],
            "templateIds": [],
            "@type": "contentSlotLayout",
            "contentPaths": ["/content/Shared/Footer"]
        }]
    }
}