{
    "workflowNote": "",
    "ecr:lastModifiedBy": "admin",
    "ecr:lastModified": "2018-12-26T15:06:51.449+08:00",
    "contentType": "Page",
    "ecr:createDate": "2018-01-04T08:44:50.635+08:00",
    "ecr:type": "page",
    "contentItem": {
        "ruleLimit": "1",
        "@name": "Dynamic Page Slot",
        "templateTypes": ["Page"],
        "templateIds": [],
        "@type": "pageSlot",
        "contentPaths": ["/content/Web/Show/Show Schedule"],
        "redirectGroup": ""
    }
}