{
    "workflowNote": "",
    "workflowState": "ACTIVE",
    "ecr:lastModifiedBy": "admin",
    "ecr:lastModified": "2018-08-03T15:20:51.149+08:00",
    "startTime": "",
    "endTime": "",
    "priority": 10,
    "ecr:createDate": "2018-08-03T12:50:23.068+08:00",
    "ecr:type": "content-item",
    "triggers": [{"exactLocation": false}],
    "contentItem": {
        "layout": [],
        "disableLayout": false,
        "@name": "HTML Tag",
        "@type": "htmlTag",
        "tagType": "div",
        "selfClose": false,
        "id": "",
        "class": "hidden-xs",
        "function": {
            "attributeId": "",
            "@name": "Configurable Breadcrumb",
            "attributeClass": "",
            "@type": "configurableBreadcrumb",
            "breadcrumbItems": [
                {
                    "attributeId": "",
                    "@name": "Home",
                    "isDynamic": true,
                    "attributeClass": "",
                    "displayName": "Home",
                    "@type": "breadcrumbItem",
                    "url": "/user/my-dashbord.jsp"
                },
                {
                    "attributeId": "",
                    "@name": "Your Show Move-Out",
                    "isDynamic": false,
                    "attributeClass": "",
                    "displayName": "Your Show Move-Out",
                    "@type": "breadcrumbItem",
                    "url": "/mha/show-move-out/list"
                },
                {
                    "attributeId": "",
                    "@name": "Create MHA",
                    "isDynamic": false,
                    "attributeClass": "",
                    "displayName": "Create MHA",
                    "@type": "breadcrumbItem",
                    "url": ""
                }
            ]
        }
    }
}