{
    "workflowNote": "",
    "workflowState": "ACTIVE",
    "ecr:lastModifiedBy": "admin",
    "ecr:lastModified": "2018-11-21T06:56:50.728Z",
    "startTime": "",
    "endTime": "",
    "priority": 10,
    "ecr:createDate": "2018-11-21T14:56:50.728+08:00",
    "ecr:type": "content-item",
    "triggers": [{"exactLocation": false}],
    "contentItem": {
        "cssName": "user/forgetPasswordSuccess",
        "@name": "One Column Page",
        "metaKeywords": "",
        "@type": "oneColumnPage",
        "slideOutContent": [],
        "title": "FreemanOnline Events and Exhibit Solutions",
        "metaDescription": "",
        "redirectGroup": "",
        "jsName": "user/forgetPasswordSuccess",
        "headerContent": [{
            "ruleLimit": "1",
            "@name": "Main Content Slot",
            "templateTypes": ["Layout"],
            "templateIds": [],
            "@type": "contentSlotLayout",
            "contentPaths": ["/content/Shared/Header"]
        }],
        "mainContent": [{
            "layout": [],
            "disableLayout": false,
            "@name": "HTML Tag",
            "@type": "htmlTag",
            "tagType": "",
            "selfClose": false,
            "id": "",
            "class": "",
            "function": {
                "@name": "Password Sent Success",
                "@type": "passowordSentSuccess"
            }
        }],
        "footerContent": [{
            "ruleLimit": "1",
            "@name": "Footer Content Slot",
            "templateTypes": ["Layout"],
            "templateIds": [],
            "@type": "contentSlotLayout",
            "contentPaths": ["/content/Shared/Footer"]
        }]
    }
}