{
    "workflowNote": "",
    "workflowState": "ACTIVE",
    "ecr:lastModifiedBy": "admin",
    "ecr:lastModified": "2018-11-28T11:22:25.611+08:00",
    "startTime": "",
    "endTime": "",
    "priority": 10,
    "ecr:createDate": "2018-08-03T13:23:32.819+08:00",
    "ecr:type": "content-item",
    "triggers": [{"exactLocation": false}],
    "contentItem": {
        "cssName": "mha-list-page/style",
        "@name": "One Column Page",
        "metaKeywords": "",
        "@type": "oneColumnPage",
        "title": "FreemanOnline Events and Exhibit Solutions",
        "metaDescription": "",
        "redirectGroup": "",
        "jsName": "mha/mhaList",
        "headerContent": [{
            "ruleLimit": "1",
            "@name": "Main Content Slot",
            "templateTypes": ["Layout"],
            "templateIds": [],
            "@type": "contentSlotLayout",
            "contentPaths": ["/content/Shared/Header"]
        }],
        "slideOutContent": [{
            "ruleLimit": "1",
            "@name": "Main Content Slot",
            "templateTypes": ["Layout"],
            "templateIds": [],
            "@type": "contentSlotLayout",
            "contentPaths": ["/content/Shared/SlideOut"]
        }],
        "mainContent": [{
            "disableLayout": false,
            "@name": "HTML Tag",
            "@type": "htmlTag",
            "tagType": "div",
            "selfClose": false,
            "id": "",
            "class": "main_content menu_bar clearfix browse-extend-background",
            "layout": [{
                "disableLayout": false,
                "@name": "HTML Tag",
                "@type": "htmlTag",
                "tagType": "div",
                "selfClose": false,
                "id": "",
                "class": "content-width content-area-background",
                "layout": [
                    {
                        "layout": [],
                        "disableLayout": false,
                        "@name": "HTML Tag",
                        "@type": "htmlTag",
                        "tagType": "div",
                        "selfClose": false,
                        "id": "",
                        "class": "hidden-xs",
                        "function": {
                            "attributeId": "",
                            "@name": "Configurable Breadcrumb",
                            "attributeClass": "",
                            "@type": "configurableBreadcrumb",
                            "breadcrumbItems": [
                                {
                                    "attributeId": "",
                                    "@name": "Breadcrumb Item",
                                    "isDynamic": true,
                                    "attributeClass": "",
                                    "displayName": "Home",
                                    "@type": "breadcrumbItem",
                                    "url": "/user/my-dashbord.jsp"
                                },
                                {
                                    "attributeId": "",
                                    "@name": "Breadcrumb Item",
                                    "isDynamic": false,
                                    "attributeClass": "",
                                    "displayName": "Your Show Move-Out",
                                    "@type": "breadcrumbItem",
                                    "url": ""
                                }
                            ]
                        }
                    },
                    {
                        "disableLayout": false,
                        "@name": "HTML Tag",
                        "@type": "htmlTag",
                        "tagType": "div",
                        "selfClose": false,
                        "id": "",
                        "class": "clearfix page-title",
                        "layout": [
                            {
                                "layout": [],
                                "disableLayout": false,
                                "@name": "HTML Tag",
                                "@type": "htmlTag",
                                "tagType": "",
                                "selfClose": false,
                                "id": "",
                                "class": "",
                                "function": {
                                    "@name": "HTML Content",
                                    "@type": "htmlContent",
                                    "htmlContent": "<div class=\"col-lg-12 col-md-12 col-sm-12 col-xs-12 title\"> <h3>Your Material Handling Agreements<\/h3> <\/div>"
                                }
                            },
                            {
                                "disableLayout": false,
                                "@name": "HTML Tag",
                                "@type": "htmlTag",
                                "tagType": "div",
                                "selfClose": false,
                                "id": "",
                                "class": "col-lg-12 col-md-12 col-sm-12 col-xs-12",
                                "layout": [
                                    {
                                        "layout": [],
                                        "disableLayout": false,
                                        "@name": "HTML Tag",
                                        "@type": "htmlTag",
                                        "tagType": "",
                                        "selfClose": false,
                                        "id": "",
                                        "class": "",
                                        "function": {
                                            "@name": "HTML Content",
                                            "@type": "htmlContent",
                                            "htmlContent": "<p>To view, edit or submit your Material Handling Agreements simply click on the edit link next to your MHA. Labels will be delivered to your booth. If you require labels after your MHA has been submitted, please visit the Freeman Service Center.<\/p>"
                                        }
                                    },
                                    {
                                        "layout": [],
                                        "disableLayout": false,
                                        "@name": "Create MHA Button",
                                        "@type": "htmlTag",
                                        "tagType": "",
                                        "selfClose": false,
                                        "id": "",
                                        "class": "",
                                        "function": {
                                            "@name": "HTML Content",
                                            "@type": "htmlContent",
                                            "htmlContent": "<a class=\"btn btn-shipping-info-link\" href=\"javascript:void(0);\"><i class=\"v-icon-plus\"><\/i>Create MHA<\/a>"
                                        }
                                    }
                                ],
                                "function": {}
                            }
                        ],
                        "function": {}
                    },
                    {
                        "disableLayout": false,
                        "@name": "HTML Tag",
                        "@type": "htmlTag",
                        "tagType": "div",
                        "selfClose": false,
                        "id": "",
                        "class": "page-content",
                        "layout": [
                            {
                                "layout": [],
                                "disableLayout": false,
                                "@name": "MHA List",
                                "@type": "htmlTag",
                                "tagType": "",
                                "selfClose": false,
                                "id": "",
                                "class": "",
                                "function": {
                                    "@name": "MHA List",
                                    "@type": "mhaList"
                                }
                            },
                            {
                                "layout": [],
                                "disableLayout": false,
                                "@name": "Banner",
                                "@type": "htmlTag",
                                "tagType": "",
                                "selfClose": false,
                                "id": "",
                                "class": "",
                                "function": {
                                    "@name": "Personalization Banner",
                                    "@type": "personalizationBanner",
                                    "targeter": "",
                                    "maxNum": "1",
                                    "containerLocation": "mhalist-bottom",
                                    "displayPage": "",
                                    "creative": "MHA List"
                                }
                            }
                        ],
                        "function": {}
                    }
                ],
                "function": {}
            }],
            "function": {}
        }],
        "footerContent": [{
            "ruleLimit": "1",
            "@name": "Footer Content Slot",
            "templateTypes": ["Layout"],
            "templateIds": [],
            "@type": "contentSlotLayout",
            "contentPaths": ["/content/Shared/Footer"]
        }]
    }
}