{
    "workflowNote": "",
    "ecr:lastModifiedBy": "admin",
    "ecr:lastModified": "2017-10-18T07:43:52.104Z",
    "contentType": "Page",
    "ecr:createDate": "2017-10-18T15:43:52.103+08:00",
    "ecr:type": "page",
    "contentItem": {
        "ruleLimit": "1",
        "@name": "Product Detail Pages",
        "templateTypes": ["Page"],
        "templateIds": [],
        "@type": "pageSlot",
        "contentPaths": ["/content/Web/Product Detail Pages"],
        "redirectGroup": ""
    }
}