{
    "@description": "${template.description}",
    "@group": "SecondaryContent",
    "ecr:createDate": "2019-09-23T17:09:22.349+08:00",
    "@thumbnailUrl": "thumbnail.png",
    "ecr:type": "template",
    "locales": {},
    "typeInfo": {
        "contentPaths": {"@propertyType": "List"},
        "templateTypes": {"@propertyType": "List"},
        "templateIds": {"@propertyType": "List"},
        "ruleLimit": {"@propertyType": "String"}
    },
    "defaultContentItem": {
        "@name": "Secondary Content Slot",
        "ruleLimit": "1",
        "templateTypes": ["SecondaryContent"],
        "templateIds": [],
        "contentPaths": []
    },
    "editorPanel": {
        "editor": "editors/DefaultEditorPanel",
        "children": [{"editor": "editors/DynamicSlotEditor"}]
    }
}