{
    "workflowNote": "",
    "ecr:lastModifiedBy": "admin",
    "ecr:lastModified": "2018-01-04T00:50:30.309Z",
    "contentType": "Page",
    "ecr:createDate": "2018-01-04T08:50:30.309+08:00",
    "ecr:type": "page",
    "contentItem": {
        "ruleLimit": "1",
        "@name": "Dynamic Page Slot",
        "templateTypes": ["Page"],
        "templateIds": [],
        "@type": "pageSlot",
        "contentPaths": ["/content/Web/Product Comparison"],
        "redirectGroup": ""
    }
}