{
    "workflowNote": "",
    "workflowState": "ACTIVE",
    "ecr:lastModifiedBy": "admin",
    "ecr:lastModified": "2018-08-03T14:58:18.490+08:00",
    "startTime": "",
    "endTime": "",
    "priority": 10,
    "ecr:createDate": "2018-08-03T12:50:23.062+08:00",
    "ecr:type": "content-item",
    "triggers": [{"exactLocation": false}],
    "contentItem": {
        "layout": [],
        "disableLayout": false,
        "@name": "HTML Tag",
        "@type": "htmlTag",
        "tagType": "div",
        "selfClose": false,
        "id": "",
        "class": "",
        "function": {
            "attributeId": "",
            "@name": "Configurable Breadcrumb",
            "attributeClass": "",
            "@type": "configurableBreadcrumb",
            "breadcrumbItems": [
                {
                    "attributeId": "",
                    "@name": "Home",
                    "isDynamic": true,
                    "attributeClass": "",
                    "displayName": "Home",
                    "@type": "breadcrumbItem",
                    "url": "/user/my-dashbord.jsp"
                },
                {
                    "attributeId": "",
                    "@name": "Products & Services",
                    "isDynamic": true,
                    "attributeClass": "",
                    "displayName": "Products & Services",
                    "@type": "breadcrumbItem",
                    "url": "/products-services"
                },
                {
                    "attributeId": "",
                    "@name": "Material Handling Services & Labels",
                    "isDynamic": true,
                    "attributeClass": "",
                    "displayName": "Material Handling Services & Labels",
                    "@type": "breadcrumbItem",
                    "url": "/browse/material-handling.jsp"
                },
                {
                    "attributeId": "",
                    "@name": "Outbound Paperwork",
                    "isDynamic": false,
                    "attributeClass": "",
                    "displayName": "Outbound Paperwork",
                    "@type": "breadcrumbItem",
                    "url": ""
                }
            ]
        }
    }
}