{
    "workflowNote": "",
    "ecr:lastModifiedBy": "admin",
    "ecr:lastModified": "2019-07-26T08:01:08.686Z",
    "contentType": "Page",
    "ecr:createDate": "2019-07-26T16:01:08.686+08:00",
    "ecr:type": "page",
    "contentItem": {
        "ruleLimit": "1",
        "@name": "Dynamic Page Slot",
        "templateTypes": ["Page"],
        "templateIds": [],
        "@type": "pageSlot",
        "contentPaths": ["/content/Web/MHA Show Move Out/Create Payment Method"],
        "redirectGroup": ""
    }
}