{
    "services": [
        {
            "name": "dataservice",
            "host": "@authoringMDEX.host@",
            "port": "@authoringDgraph.port@",
            "recordSpecName": "id",
            "aggregationKey": "",
            "recordFilter": "",
            "wildcardSearchEnabled": false,
            "recordNameField": "name",
            "fields": {
                "id": "",
                "name": "plain",
                "price": "currency",
                "description": ""
            }
        },
        {
            "name": "endecaBrowserService",
            "recDisplayNameProp" : "",
            "recSpecProp": "ID",
            "recAggregationKey": "ProductId",
            "recFilter": "",
            "recImgUrlProp" : "",
            "recDisplayProps": [ "Name"],
            "textSearchKey": "All",
            "textSearchMatchMode" : "ALLPARTIAL"
        }
    ],
    "profileGroupsConnectionUrl": "",
    "ecr:type": "configuration-xmgr"
}