{
    "workflowNote": "",
    "workflowState": "ACTIVE",
    "ecr:lastModifiedBy": "derek",
    "ecr:lastModified": "2019-02-27T23:01:01.520Z",
    "startTime": "",
    "endTime": "",
    "priority": 10,
    "ecr:createDate": "2018-11-16T13:38:06.559+08:00",
    "ecr:type": "content-item",
    "triggers": [{"exactLocation": false}],
    "contentItem": {
        "cssName": "laborService/style",
        "@name": "One Column Page",
        "metaKeywords": "",
        "@type": "oneColumnPage",
        "title": "FreemanOnline Events and Exhibit Solutions",
        "metaDescription": "",
        "redirectGroup": "",
        "jsName": "labor/detail",
        "headerContent": [{
            "ruleLimit": "1",
            "@name": "Main Content Slot",
            "templateTypes": ["Layout"],
            "templateIds": [],
            "@type": "contentSlotLayout",
            "contentPaths": ["/content/Shared/Header"]
        }],
        "slideOutContent": [{
            "ruleLimit": "1",
            "@name": "Main Content Slot",
            "templateTypes": ["Layout"],
            "templateIds": [],
            "@type": "contentSlotLayout",
            "contentPaths": ["/content/Shared/SlideOut"]
        }],
        "mainContent": [{
            "disableLayout": false,
            "@name": "HTML Tag",
            "@type": "htmlTag",
            "tagType": "div",
            "selfClose": false,
            "id": "",
            "class": "main_content browse-extend-background",
            "layout": [{
                "disableLayout": false,
                "@name": "HTML Tag",
                "@type": "htmlTag",
                "tagType": "div",
                "selfClose": false,
                "id": "",
                "class": "content-width content-area-background menu_bar",
                "layout": [
                    {
                        "ruleLimit": "1",
                        "@name": "Main Content Slot",
                        "templateTypes": ["Layout"],
                        "templateIds": [],
                        "@type": "contentSlotLayout",
                        "contentPaths": ["/content/Shared/Labor Breadcrumb"]
                    },
                    {
                        "disableLayout": false,
                        "@name": "HTML Tag",
                        "@type": "htmlTag",
                        "tagType": "div",
                        "selfClose": false,
                        "id": "",
                        "class": "page-title labor-title clearfix",
                        "layout": [
                            {
                                "layout": [],
                                "disableLayout": false,
                                "@name": "HTML Tag",
                                "@type": "htmlTag",
                                "tagType": "",
                                "selfClose": false,
                                "id": "",
                                "class": "",
                                "function": {
                                    "@name": "HTML Content",
                                    "@type": "htmlContent",
                                    "htmlContent": "<h1>Labor<\/h1> <p class=\"require-tip\"> *Required Field <\/p>"
                                }
                            },
                            {
                                "layout": [],
                                "disableLayout": false,
                                "@name": "Labor Progress Bar",
                                "@type": "htmlTag",
                                "tagType": "",
                                "selfClose": false,
                                "id": "",
                                "class": "",
                                "function": {
                                    "@name": "Labor Progress Bar",
                                    "barItem": "laborDetail",
                                    "@type": "laborProgressBar"
                                }
                            }
                        ],
                        "function": {}
                    },
                    {
                        "layout": [],
                        "disableLayout": false,
                        "@name": "Top Banner",
                        "@type": "htmlTag",
                        "tagType": "div",
                        "selfClose": false,
                        "id": "",
                        "class": "labor-banner",
                        "function": {
                            "@name": "Personalization Banner",
                            "@type": "personalizationBanner",
                            "targeter": "/atg/registry/RepositoryTargeters/laborDetailTop",
                            "maxNum": "1",
                            "containerLocation": "labor-details-top",
                            "displayPage": "",
                            "creative": "Labor Details"
                        }
                    },
                    {
                        "layout": [],
                        "disableLayout": false,
                        "@name": "Labor Detail",
                        "@type": "htmlTag",
                        "tagType": "",
                        "selfClose": false,
                        "id": "",
                        "class": "",
                        "function": {
                            "@name": "Labor Detail",
                            "@type": "laborDetail"
                        }
                    },
                    {
                        "layout": [],
                        "disableLayout": false,
                        "@name": "Bottom Banner",
                        "@type": "htmlTag",
                        "tagType": "div",
                        "selfClose": false,
                        "id": "",
                        "class": "labor-banner",
                        "function": {
                            "@name": "Personalization Banner",
                            "@type": "personalizationBanner",
                            "targeter": "/atg/registry/RepositoryTargeters/laborDetailBottom",
                            "maxNum": "1",
                            "containerLocation": "labor-details-bottom",
                            "displayPage": "",
                            "creative": "Labor Details"
                        }
                    },
                    {
                        "layout": [],
                        "disableLayout": false,
                        "@name": "Walk Me",
                        "@type": "htmlTag",
                        "tagType": "",
                        "selfClose": false,
                        "id": "",
                        "class": "",
                        "function": {
                            "@name": "Walk Me",
                            "@type": "walkMe"
                        }
                    }
                ],
                "function": {}
            }],
            "function": {}
        }],
        "footerContent": [{
            "ruleLimit": "1",
            "@name": "Footer Content Slot",
            "templateTypes": ["Layout"],
            "templateIds": [],
            "@type": "contentSlotLayout",
            "contentPaths": ["/content/Shared/Footer"]
        }]
    }
}