{
    "workflowNote": "",
    "workflowState": "ACTIVE",
    "ecr:lastModifiedBy": "admin",
    "ecr:lastModified": "2018-11-21T07:51:55.795Z",
    "startTime": "",
    "endTime": "",
    "priority": 10,
    "ecr:createDate": "2018-11-21T15:51:55.795+08:00",
    "ecr:type": "content-item",
    "triggers": [{"exactLocation": false}],
    "contentItem": {
        "layout": [],
        "disableLayout": false,
        "@name": "HTML Tag",
        "@type": "htmlTag",
        "tagType": "",
        "selfClose": false,
        "id": "",
        "class": "",
        "function": {
            "attributeId": "",
            "@name": "Configurable Breadcrumb",
            "attributeClass": "",
            "@type": "configurableBreadcrumb",
            "breadcrumbItems": [
                {
                    "attributeId": "",
                    "@name": "Home",
                    "isDynamic": true,
                    "attributeClass": "",
                    "displayName": "Home",
                    "@type": "breadcrumbItem",
                    "url": "/user/my-dashboard.jsp"
                },
                {
                    "attributeId": "",
                    "@name": "Products & Services",
                    "isDynamic": true,
                    "attributeClass": "",
                    "displayName": "Products & Services",
                    "@type": "breadcrumbItem",
                    "url": "/products-services"
                },
                {
                    "attributeId": "",
                    "@name": "Labor",
                    "isDynamic": false,
                    "attributeClass": "",
                    "displayName": "Labor",
                    "@type": "breadcrumbItem",
                    "url": ""
                }
            ]
        }
    }
}