{
    "workflowNote": "",
    "userSegments": ["UnavailableProduct"],
    "forceExpansion": "true",
    "workflowState": "ACTIVE",
    "ecr:lastModifiedBy": "admin",
    "ecr:lastModified": "2018-11-28T11:22:25.670+08:00",
    "startTime": "",
    "endTime": "",
    "priority": 5,
    "ecr:createDate": "2017-12-29T17:30:55.629+08:00",
    "ecr:type": "content-item",
    "triggers": [{"exactLocation": false}],
    "contentItem": {
        "cssName": "pdp/style",
        "@name": "One Column Page",
        "metaKeywords": "",
        "@type": "oneColumnPage",
        "title": "FreemanOnline Events and Exhibit Solutions",
        "metaDescription": "",
        "redirectGroup": "",
        "jsName": "pdp/productDetail",
        "headerContent": [{
            "ruleLimit": "1",
            "@name": "Main Content Slot",
            "templateTypes": ["Layout"],
            "templateIds": [],
            "@type": "contentSlotLayout",
            "contentPaths": ["/content/Shared/Header"]
        }],
        "slideOutContent": [{
            "ruleLimit": "1",
            "@name": "SlideOut Content Slot",
            "templateTypes": ["Layout"],
            "templateIds": [],
            "@type": "contentSlotLayout",
            "contentPaths": ["/content/Shared/SlideOut"]
        }],
        "mainContent": [{
            "disableLayout": false,
            "@name": "Main Content",
            "@type": "htmlTag",
            "tagType": "div",
            "selfClose": false,
            "id": "",
            "class": "main_content menu_bar browse-extend-background",
            "layout": [{
                "disableLayout": false,
                "@name": "Two Colunm",
                "@type": "htmlTag",
                "tagType": "div",
                "selfClose": false,
                "id": "",
                "class": "search-body content-width clearfix",
                "layout": [{
                    "disableLayout": false,
                    "@name": "HTML Tag",
                    "@type": "htmlTag",
                    "tagType": "div",
                    "selfClose": false,
                    "id": "",
                    "class": "prod-notAvailable",
                    "layout": [
                        {
                            "layout": [],
                            "disableLayout": false,
                            "@name": "Product Breadcrumb",
                            "@type": "htmlTag",
                            "tagType": "",
                            "selfClose": false,
                            "id": "",
                            "class": "",
                            "function": {
                                "@name": "Product Breadcrumb",
                                "@type": "productBreadcrumb"
                            }
                        },
                        {
                            "layout": [],
                            "disableLayout": false,
                            "@name": "Invalid Product Message",
                            "@type": "htmlTag",
                            "tagType": "",
                            "selfClose": false,
                            "id": "",
                            "class": "",
                            "function": {
                                "@name": "Invalid Product Message",
                                "@type": "invalidProductMessage"
                            }
                        }
                    ],
                    "function": {}
                }],
                "function": {}
            }],
            "function": {}
        }],
        "footerContent": [{
            "ruleLimit": "1",
            "@name": "Footer Content Slot",
            "templateTypes": ["Layout"],
            "templateIds": [],
            "@type": "contentSlotLayout",
            "contentPaths": ["/content/Shared/Footer"]
        }]
    }
}