{
    "@description": "${template.description}",
    "@group": "Page",
    "ecr:createDate": "2019-09-23T17:09:22.710+08:00",
    "@thumbnailUrl": "thumbnail.png",
    "ecr:type": "template",
    "locales": {},
    "typeInfo": {
        "title": {"@propertyType": "String"},
        "metaKeywords": {"@propertyType": "String"},
        "metaDescription": {"@propertyType": "String"},
        "cssName": {"@propertyType": "String"},
        "jsName": {"@propertyType": "String"},
        "headerContent": {
            "@propertyType": "ContentItemList",
            "@group": "Layout"
        },
        "slideOutContent": {
            "@propertyType": "ContentItemList",
            "@group": "Layout"
        },
        "mainContent": {
            "@propertyType": "ContentItemList",
            "@group": "Layout"
        },
        "footerContent": {
            "@propertyType": "ContentItemList",
            "@group": "Layout"
        },
        "redirectGroup": {"@propertyType": "String"}
    },
    "defaultContentItem": {
        "cssName": "",
        "headerContent": [],
        "@name": "One Column Page",
        "metaKeywords": "",
        "mainContent": [],
        "slideOutContent": [],
        "title": "FreemanOnline Events and Exhibit Solutions",
        "metaDescription": "",
        "redirectGroup": "",
        "jsName": "",
        "footerContent": []
    },
    "editorPanel": {
        "editor": "editors/DefaultEditorPanel",
        "children": [
            {
                "editor": "GroupLabel",
                "label": "${group.metadata.label}"
            },
            {
                "editor": "editors/StringEditor",
                "propertyName": "title",
                "label": "${property.title.label}",
                "enabled": true
            },
            {
                "editor": "editors/StringEditor",
                "propertyName": "metaKeywords",
                "label": "${property.metaKeywords.label}",
                "enabled": true,
                "height": 72
            },
            {
                "editor": "editors/StringEditor",
                "propertyName": "metaDescription",
                "label": "${property.metaDescription.label}",
                "enabled": true,
                "height": 72
            },
            {
                "editor": "editors/StringEditor",
                "propertyName": "cssName",
                "label": "${property.cssName.label}",
                "enabled": true
            },
            {
                "editor": "editors/StringEditor",
                "propertyName": "jsName",
                "label": "${property.jsName.label}",
                "enabled": true
            }
        ]
    }
}