{
    "@description": "${template.description}",
    "@group": "Function",
    "ecr:createDate": "2019-09-23T17:09:22.209+08:00",
    "@thumbnailUrl": "",
    "ecr:type": "template",
    "locales": {},
    "typeInfo": {"barItem": {"@propertyType": "String"}},
    "defaultContentItem": {
        "@name": "Cart Progress Bar",
        "barItem": ""
    },
    "editorPanel": {
        "editor": "editors/DefaultEditorPanel",
        "children": [{
            "editor": "editors/ChoiceEditor",
            "propertyName": "barItem",
            "label": "Progress Bar Item",
            "choice": [
                {
                    "label": "Cart Summary",
                    "value": "cartCheckout"
                },
                {
                    "label": "Cart Payment",
                    "value": "cartPayment"
                },
                {
                    "label": "Cart Confirm",
                    "value": "cartConfirm"
                }
            ]
        }]
    }
}