{
    "workflowNote": "",
    "ecr:lastModifiedBy": "admin",
    "ecr:lastModified": "2019-08-07T02:26:59.662Z",
    "contentType": "Page",
    "ecr:createDate": "2019-08-07T10:26:59.662+08:00",
    "ecr:type": "page",
    "contentItem": {
        "ruleLimit": "1",
        "@name": "Dynamic Page Slot",
        "templateTypes": ["Page"],
        "templateIds": [],
        "@type": "pageSlot",
        "contentPaths": ["/content/Web/MHA Show Move Out/Create Payment Method Success"],
        "redirectGroup": ""
    }
}