{
    "workflowNote": "",
    "workflowState": "ACTIVE",
    "ecr:lastModifiedBy": "admin",
    "ecr:lastModified": "2018-11-15T03:02:03.475Z",
    "startTime": "",
    "endTime": "",
    "priority": 10,
    "ecr:createDate": "2018-11-15T11:02:03.475+08:00",
    "ecr:type": "content-item",
    "triggers": [{"exactLocation": false}],
    "contentItem": {
        "cssName": "user/forgetPassword",
        "@name": "One Column Page",
        "metaKeywords": "",
        "@type": "oneColumnPage",
        "slideOutContent": [],
        "title": "FreemanOnline Events and Exhibit Solutions",
        "metaDescription": "",
        "redirectGroup": "",
        "jsName": "user/forgetPassword",
        "headerContent": [{
            "ruleLimit": "1",
            "@name": "Main Content Slot",
            "templateTypes": ["Layout"],
            "templateIds": [],
            "@type": "contentSlotLayout",
            "contentPaths": ["/content/Shared/Header"]
        }],
        "mainContent": [{
            "disableLayout": false,
            "@name": "HTML Tag",
            "@type": "htmlTag",
            "tagType": "",
            "selfClose": false,
            "id": "",
            "class": "",
            "layout": [
                {
                    "layout": [],
                    "disableLayout": false,
                    "@name": "HTML Tag",
                    "@type": "htmlTag",
                    "tagType": "",
                    "selfClose": false,
                    "id": "",
                    "class": "",
                    "function": {
                        "@name": "Forget Password",
                        "@type": "forgetUsername"
                    }
                },
                {
                    "layout": [],
                    "disableLayout": false,
                    "@name": "HTML Tag",
                    "@type": "htmlTag",
                    "tagType": "",
                    "selfClose": false,
                    "id": "",
                    "class": "",
                    "function": {
                        "@name": "Walk Me",
                        "@type": "walkMe"
                    }
                }
            ],
            "function": {}
        }],
        "footerContent": [{
            "ruleLimit": "1",
            "@name": "Footer Content Slot",
            "templateTypes": ["Layout"],
            "templateIds": [],
            "@type": "contentSlotLayout",
            "contentPaths": ["/content/Shared/Footer"]
        }]
    }
}