{
    "workflowNote": "",
    "ecr:lastModifiedBy": "admin",
    "ecr:lastModified": "2018-12-24T07:45:33.555Z",
    "contentType": "Page",
    "ecr:createDate": "2018-12-24T15:45:33.555+08:00",
    "ecr:type": "page",
    "contentItem": {
        "ruleLimit": "1",
        "@name": "Dynamic Page Slot",
        "templateTypes": ["Page"],
        "templateIds": [],
        "@type": "pageSlot",
        "contentPaths": ["/content/Web/Forms And Brochures"],
        "redirectGroup": ""
    }
}