{
    "@description": "${template.description}",
    "@group": "Function",
    "ecr:createDate": "2019-09-23T17:09:22.820+08:00",
    "@thumbnailUrl": "",
    "ecr:type": "template",
    "locales": {},
    "typeInfo": {
        "title": {"@propertyType": "String"},
        "numOfDisplayedImages": {"@propertyType": "String"}
    },
    "defaultContentItem": {
        "@name": "Product Image",
        "title": "Product Image",
        "numOfDisplayedImages": "4"
    },
    "editorPanel": {
        "editor": "editors/DefaultEditorPanel",
        "children": [
            {
                "editor": "editors/StringEditor",
                "propertyName": "title",
                "label": "${template.title}",
                "enabled": true
            },
            {
                "editor": "editors/StringEditor",
                "propertyName": "numOfDisplayedImages",
                "label": "${template.numOfDisplayedImages}",
                "enabled": true
            }
        ]
    }
}