{
    "workflowNote": "",
    "workflowState": "ACTIVE",
    "ecr:lastModifiedBy": "admin",
    "ecr:lastModified": "2018-03-30T06:00:42.616Z",
    "startTime": "",
    "endTime": "",
    "priority": 10,
    "ecr:createDate": "2018-03-30T14:00:42.616+08:00",
    "ecr:type": "content-item",
    "triggers": [{"exactLocation": false}],
    "contentItem": {
        "disableLayout": false,
        "@name": "SlideOut",
        "@type": "htmlTag",
        "tagType": "",
        "selfClose": false,
        "id": "",
        "class": "",
        "layout": [
            {
                "layout": [],
                "disableLayout": false,
                "@name": "Mini Cart",
                "@type": "htmlTag",
                "tagType": "",
                "selfClose": false,
                "id": "",
                "class": "",
                "function": {
                    "@name": "Mini Cart",
                    "@type": "miniCart"
                }
            },
            {
                "layout": [],
                "disableLayout": false,
                "@name": "Wishlist Slide Out",
                "@type": "htmlTag",
                "tagType": "",
                "selfClose": false,
                "id": "",
                "class": "",
                "function": {
                    "@name": "Wishlist Slide Out",
                    "@type": "wishlistSlideOut"
                }
            }
        ],
        "function": {}
    }
}