{
    "workflowNote": "",
    "ecr:lastModifiedBy": "admin",
    "ecr:lastModified": "2018-11-16T13:54:45.068+08:00",
    "contentType": "Page",
    "ecr:createDate": "2018-11-16T13:38:06.547+08:00",
    "ecr:type": "page",
    "contentItem": {
        "ruleLimit": "1",
        "@name": "Dynamic Page Slot",
        "templateTypes": ["Page"],
        "templateIds": [],
        "@type": "pageSlot",
        "contentPaths": ["/content/Web/Labor Service/Labor Confirm Page"],
        "redirectGroup": ""
    }
}