{
    "workflowNote": "",
    "ecr:lastModifiedBy": "admin",
    "ecr:lastModified": "2019-02-11T15:25:25.055+08:00",
    "contentType": "Page",
    "ecr:createDate": "2019-02-11T13:53:28.928+08:00",
    "ecr:type": "page",
    "contentItem": {
        "ruleLimit": "1",
        "@name": "Dynamic Page Slot",
        "templateTypes": ["Page"],
        "templateIds": [],
        "@type": "pageSlot",
        "contentPaths": ["/content/Web/Concierge Services/Your Requests"],
        "redirectGroup": ""
    }
}