{
    "workflowNote": "",
    "ecr:lastModifiedBy": "admin",
    "ecr:lastModified": "2017-11-15T10:14:17.984+08:00",
    "contentType": "Page",
    "ecr:createDate": "2017-10-25T10:09:55.555+08:00",
    "ecr:type": "page",
    "contentItem": {
        "ruleLimit": "1",
        "@name": "Poducts And Services",
        "templateTypes": ["Page"],
        "templateIds": [],
        "@type": "pageSlot",
        "contentPaths": ["/content/Web/Products And Services Pages"],
        "redirectGroup": ""
    }
}