{
    "@description": "${template.description}",
    "@group": "Function",
    "ecr:createDate": "2019-09-23T17:09:22.662+08:00",
    "@thumbnailUrl": "thumbnail.png",
    "ecr:type": "template",
    "locales": {},
    "typeInfo": {"customizedTitle": {"@propertyType": "String"}},
    "defaultContentItem": {
        "@name": "Mobile Filters Apply",
        "customizedTitle": ""
    },
    "editorPanel": {
        "editor": "editors/DefaultEditorPanel",
        "children": [{
            "editor": "editors/StringEditor",
            "propertyName": "customizedTitle",
            "label": "Customized Title",
            "enabled": true
        }]
    }
}