{
    "workflowNote": "",
    "workflowState": "ACTIVE",
    "ecr:lastModifiedBy": "admin",
    "ecr:lastModified": "2018-11-28T11:22:25.769+08:00",
    "startTime": "",
    "endTime": "",
    "priority": 100,
    "ecr:createDate": "2017-02-10T11:54:25.596+08:00",
    "ecr:type": "content-item",
    "triggers": [{"exactLocation": false}],
    "contentItem": {
        "cssName": "search/style",
        "@name": "One Column Page",
        "metaKeywords": "",
        "@type": "oneColumnPage",
        "title": "FreemanOnline Events and Exhibit Solutions",
        "metaDescription": "",
        "redirectGroup": "",
        "jsName": "search/search",
        "headerContent": [{
            "ruleLimit": "1",
            "@name": "Main Content Slot",
            "templateTypes": ["Layout"],
            "templateIds": [],
            "@type": "contentSlotLayout",
            "contentPaths": ["/content/Shared/Header"]
        }],
        "slideOutContent": [{
            "ruleLimit": "1",
            "@name": "SlideOut Content Slot",
            "templateTypes": ["Layout"],
            "templateIds": [],
            "@type": "contentSlotLayout",
            "contentPaths": ["/content/Shared/SlideOut"]
        }],
        "mainContent": [{
            "disableLayout": false,
            "@name": "HTML Tag",
            "@type": "htmlTag",
            "tagType": "div",
            "selfClose": false,
            "id": "",
            "class": "main_content menu_bar browse-extend-background",
            "layout": [{
                "disableLayout": false,
                "@name": "HTML Tag",
                "@type": "htmlTag",
                "tagType": "div",
                "selfClose": false,
                "id": "",
                "class": "content-width search-body",
                "layout": [
                    {
                        "disableLayout": false,
                        "@name": "Left",
                        "@type": "htmlTag",
                        "tagType": "div",
                        "selfClose": false,
                        "id": "",
                        "class": "col-xs-3 col-sm-3 col-md-2 col-lg-2 search-navgation js-select-navigation active",
                        "layout": [{
                            "ruleLimit": "1",
                            "@name": "Guided Navigation",
                            "templateTypes": ["Layout"],
                            "templateIds": [],
                            "@type": "contentSlotLayout",
                            "contentPaths": ["/content/Shared/Guided Navigation"]
                        }],
                        "function": {}
                    },
                    {
                        "disableLayout": false,
                        "@name": "Right",
                        "@type": "htmlTag",
                        "tagType": "div",
                        "selfClose": false,
                        "id": "",
                        "class": "col-xs-9 col-sm-9 col-md-10 col-lg-10 search-results js-select-search-results active",
                        "layout": [{
                            "disableLayout": false,
                            "@name": "HTML Tag",
                            "@type": "htmlTag",
                            "tagType": "div",
                            "selfClose": false,
                            "id": "",
                            "class": "row",
                            "layout": [
                                {
                                    "layout": [],
                                    "disableLayout": false,
                                    "@name": "Breadcrumbs",
                                    "@type": "htmlTag",
                                    "tagType": "",
                                    "selfClose": false,
                                    "id": "",
                                    "class": "",
                                    "function": {
                                        "@name": "Breadcrumbs",
                                        "@type": "breadcrumbs"
                                    }
                                },
                                {
                                    "disableLayout": false,
                                    "@name": "HTML Tag",
                                    "@type": "htmlTag",
                                    "tagType": "div",
                                    "selfClose": false,
                                    "id": "",
                                    "class": "results-title container col-sm-12 hidden-xs",
                                    "layout": [
                                        {
                                            "layout": [],
                                            "disableLayout": false,
                                            "@name": "Search Adjustments",
                                            "@type": "htmlTag",
                                            "tagType": "",
                                            "selfClose": false,
                                            "id": "",
                                            "class": "",
                                            "function": {
                                                "@name": "Search Adjustments",
                                                "@type": "searchAdjustments"
                                            }
                                        },
                                        {
                                            "layout": [],
                                            "disableLayout": false,
                                            "@name": "Breadbox",
                                            "@type": "htmlTag",
                                            "tagType": "",
                                            "selfClose": false,
                                            "id": "",
                                            "class": "",
                                            "function": {
                                                "@name": "Breadbox",
                                                "@type": "breadbox"
                                            }
                                        },
                                        {
                                            "layout": [],
                                            "disableLayout": false,
                                            "@name": "Sort By",
                                            "@type": "htmlTag",
                                            "tagType": "",
                                            "selfClose": false,
                                            "id": "",
                                            "class": "",
                                            "function": {
                                                "@name": "Sort By",
                                                "@type": "sortBy"
                                            }
                                        }
                                    ],
                                    "function": {}
                                },
                                {
                                    "ruleLimit": "1",
                                    "@name": "Reuslts List",
                                    "templateTypes": ["Layout"],
                                    "templateIds": [],
                                    "@type": "contentSlotLayout",
                                    "contentPaths": ["/content/Shared/Results List"]
                                },
                                {
                                    "layout": [],
                                    "disableLayout": false,
                                    "@name": "Compare Tray",
                                    "@type": "htmlTag",
                                    "tagType": "",
                                    "selfClose": false,
                                    "id": "",
                                    "class": "",
                                    "function": {
                                        "@name": "Compare Tray",
                                        "@type": "compareTray"
                                    }
                                }
                            ],
                            "function": {}
                        }],
                        "function": {}
                    },
                    {
                        "layout": [],
                        "disableLayout": false,
                        "@name": "Freeman Popup",
                        "@type": "htmlTag",
                        "tagType": "",
                        "selfClose": false,
                        "id": "",
                        "class": "",
                        "function": {
                            "@name": "Freeman Popup",
                            "@type": "freemanPopup"
                        }
                    }
                ],
                "function": {}
            }],
            "function": {}
        }],
        "footerContent": [{
            "ruleLimit": "1",
            "@name": "Footer Content Slot",
            "templateTypes": ["Layout"],
            "templateIds": [],
            "@type": "contentSlotLayout",
            "contentPaths": ["/content/Shared/Footer"]
        }]
    }
}