{
    "workflowNote": "",
    "workflowState": "ACTIVE",
    "ecr:lastModifiedBy": "admin",
    "ecr:lastModified": "2018-11-28T03:22:25.569Z",
    "startTime": "",
    "endTime": "",
    "priority": 10,
    "ecr:createDate": "2018-11-28T11:22:25.569+08:00",
    "ecr:type": "content-item",
    "triggers": [{"exactLocation": false}],
    "contentItem": {
        "disableLayout": false,
        "@name": "HTML Tag",
        "@type": "htmlTag",
        "tagType": "",
        "selfClose": false,
        "id": "",
        "class": "",
        "layout": [
            {
                "layout": [],
                "disableLayout": false,
                "@name": "Footer",
                "@type": "htmlTag",
                "tagType": "",
                "selfClose": false,
                "id": "",
                "class": "",
                "function": {
                    "@name": "Common Footer",
                    "@type": "footer"
                }
            },
            {
                "layout": [],
                "disableLayout": false,
                "@name": "Walk Me",
                "@type": "htmlTag",
                "tagType": "",
                "selfClose": false,
                "id": "",
                "class": "",
                "function": {
                    "@name": "Walk Me",
                    "@type": "walkMe"
                }
            }
        ],
        "function": {}
    }
}