{
    "workflowNote": "",
    "ecr:lastModifiedBy": "admin",
    "ecr:lastModified": "2018-11-08T14:14:21.512+08:00",
    "contentType": "Page",
    "ecr:createDate": "2018-11-08T13:57:13.454+08:00",
    "ecr:type": "page",
    "contentItem": {
        "ruleLimit": "1",
        "@name": "Dynamic Page Slot",
        "templateTypes": ["Page"],
        "templateIds": [],
        "@type": "pageSlot",
        "contentPaths": ["/content/Web/User Register/Your Information Page"],
        "redirectGroup": ""
    }
}