{
    "workflowNote": "",
    "workflowState": "ACTIVE",
    "ecr:lastModifiedBy": "derek",
    "ecr:lastModified": "2019-02-27T23:01:01.515Z",
    "startTime": "",
    "endTime": "",
    "priority": 10,
    "ecr:createDate": "2018-12-17T15:31:45.660+08:00",
    "ecr:type": "content-item",
    "triggers": [{"exactLocation": false}],
    "contentItem": {
        "cssName": "checkout/style",
        "@name": "One Column Page",
        "metaKeywords": "",
        "@type": "oneColumnPage",
        "title": "FreemanOnline Events and Exhibit Solutions",
        "metaDescription": "",
        "redirectGroup": "",
        "jsName": "checkout/confirmation",
        "headerContent": [{
            "ruleLimit": "1",
            "@name": "Header Content Slot",
            "templateTypes": ["Layout"],
            "templateIds": [],
            "@type": "contentSlotLayout",
            "contentPaths": ["/content/Shared/Header"]
        }],
        "slideOutContent": [{
            "ruleLimit": "1",
            "@name": "SlideOut Content Slot",
            "templateTypes": ["Layout"],
            "templateIds": [],
            "@type": "contentSlotLayout",
            "contentPaths": ["/content/Shared/SlideOut"]
        }],
        "mainContent": [{
            "disableLayout": false,
            "@name": "HTML Tag",
            "@type": "htmlTag",
            "tagType": "div",
            "selfClose": false,
            "id": "",
            "class": "main_content browse-extend-background",
            "layout": [{
                "disableLayout": false,
                "@name": "HTML Tag",
                "@type": "htmlTag",
                "tagType": "div",
                "selfClose": false,
                "id": "",
                "class": "content-width",
                "layout": [
                    {
                        "layout": [],
                        "disableLayout": false,
                        "@name": "BreadCrumb",
                        "@type": "htmlTag",
                        "tagType": "div",
                        "selfClose": false,
                        "id": "",
                        "class": "row hidden-xs",
                        "function": {
                            "attributeId": "",
                            "@name": "Configurable Breadcrumb",
                            "attributeClass": "",
                            "@type": "configurableBreadcrumb",
                            "breadcrumbItems": [
                                {
                                    "attributeId": "",
                                    "@name": "Home",
                                    "isDynamic": true,
                                    "attributeClass": "",
                                    "displayName": "Home",
                                    "@type": "breadcrumbItem",
                                    "url": "/show/landing?showID=@showID@"
                                },
                                {
                                    "attributeId": "",
                                    "@name": "Order Confirmation",
                                    "isDynamic": false,
                                    "attributeClass": "",
                                    "displayName": "Order Confirmation",
                                    "@type": "breadcrumbItem",
                                    "url": ""
                                }
                            ]
                        }
                    },
                    {
                        "layout": [],
                        "disableLayout": false,
                        "@name": "Title",
                        "@type": "htmlTag",
                        "tagType": "div",
                        "selfClose": false,
                        "id": "",
                        "class": "checkout-header row",
                        "function": {
                            "@name": "HTML Content",
                            "@type": "htmlContent",
                            "htmlContent": "<h1>Order Confirmation\n\n                            <a href=\"javascript:;\" class=\"checkout-print\">\n\n                            <i class=\"freeman-icon-print\"><\/i>\n\n                            Print\n\n                            <\/a>\n\n                            <\/h1>"
                        }
                    },
                    {
                        "layout": [],
                        "disableLayout": false,
                        "@name": "ProgressBar",
                        "@type": "htmlTag",
                        "tagType": "div",
                        "selfClose": false,
                        "id": "",
                        "class": "row menu_bar",
                        "function": {
                            "@name": "Cart Progress Bar",
                            "barItem": "cartConfirm",
                            "@type": "cartProgressBar"
                        }
                    },
                    {
                        "layout": [],
                        "disableLayout": false,
                        "@name": "Order Confirm Information",
                        "@type": "htmlTag",
                        "tagType": "",
                        "selfClose": false,
                        "id": "",
                        "class": "",
                        "function": {
                            "@name": "Order Confirm Information",
                            "@type": "orderConfirmInformation"
                        }
                    },
                    {
                        "layout": [],
                        "disableLayout": false,
                        "@name": "Personalization Banner",
                        "@type": "htmlTag",
                        "tagType": "",
                        "selfClose": false,
                        "id": "",
                        "class": "",
                        "function": {
                            "@name": "Personalization Banner",
                            "@type": "personalizationBanner",
                            "targeter": "/atg/registry/RepositoryTargeters/orderConfirmationBottom",
                            "maxNum": "1",
                            "containerLocation": "order-confirmation-bottom",
                            "displayPage": "",
                            "creative": "Order Confirmation"
                        }
                    },
                    {
                        "layout": [],
                        "disableLayout": false,
                        "@name": "Ordet Text",
                        "@type": "htmlTag",
                        "tagType": "",
                        "selfClose": false,
                        "id": "",
                        "class": "",
                        "function": {
                            "@name": "Order Confirm Information",
                            "@type": "orderTextInfo"
                        }
                    }
                ],
                "function": {}
            }],
            "function": {}
        }],
        "footerContent": [{
            "ruleLimit": "1",
            "@name": "Footer Content Slot",
            "templateTypes": ["Layout"],
            "templateIds": [],
            "@type": "contentSlotLayout",
            "contentPaths": ["/content/Shared/Footer"]
        }]
    }
}