{
    "workflowNote": "",
    "workflowState": "ACTIVE",
    "ecr:lastModifiedBy": "admin",
    "ecr:lastModified": "2018-12-26T07:06:51.487Z",
    "startTime": "",
    "endTime": "",
    "priority": 10,
    "ecr:createDate": "2018-12-26T15:06:51.487+08:00",
    "ecr:type": "content-item",
    "triggers": [{"exactLocation": false}],
    "contentItem": {
        "cssName": "show/style",
        "@name": "One Column Page",
        "metaKeywords": "",
        "@type": "oneColumnPage",
        "title": "FreemanOnline Events and Exhibit Solutions",
        "metaDescription": "",
        "redirectGroup": "",
        "jsName": "browse/mhLanding",
        "headerContent": [{
            "ruleLimit": "1",
            "@name": "header Content Slot",
            "templateTypes": ["Layout"],
            "templateIds": [],
            "@type": "contentSlotLayout",
            "contentPaths": ["/content/Shared/Header"]
        }],
        "slideOutContent": [{
            "ruleLimit": "1",
            "@name": "slideOut Content Slot",
            "templateTypes": ["Layout"],
            "templateIds": [],
            "@type": "contentSlotLayout",
            "contentPaths": ["/content/Shared/SlideOut"]
        }],
        "mainContent": [{
            "disableLayout": false,
            "@name": "HTML Tag",
            "@type": "htmlTag",
            "tagType": "div",
            "selfClose": false,
            "id": "",
            "class": "main_content browse-extend-background",
            "layout": [{
                "disableLayout": false,
                "@name": "HTML Tag",
                "@type": "htmlTag",
                "tagType": "div",
                "selfClose": false,
                "id": "",
                "class": "content-width material-landing",
                "layout": [
                    {
                        "layout": [],
                        "disableLayout": false,
                        "@name": "Beadcrumb",
                        "@type": "htmlTag",
                        "tagType": "div",
                        "selfClose": false,
                        "id": "",
                        "class": "row hidden-xs",
                        "function": {
                            "attributeId": "",
                            "@name": "Configurable Breadcrumb",
                            "attributeClass": "",
                            "@type": "configurableBreadcrumb",
                            "breadcrumbItems": [
                                {
                                    "attributeId": "",
                                    "@name": "Home",
                                    "isDynamic": true,
                                    "attributeClass": "",
                                    "displayName": "Home",
                                    "@type": "breadcrumbItem",
                                    "url": "/user/my-dashbord.jsp"
                                },
                                {
                                    "attributeId": "",
                                    "@name": "Products & Services",
                                    "isDynamic": true,
                                    "attributeClass": "",
                                    "displayName": "Products & Services",
                                    "@type": "breadcrumbItem",
                                    "url": "/products-services?showID=@showID@"
                                },
                                {
                                    "attributeId": "",
                                    "@name": "Material Handling & Labels",
                                    "isDynamic": false,
                                    "attributeClass": "",
                                    "displayName": "Material Handling & Labels",
                                    "@type": "breadcrumbItem",
                                    "url": ""
                                }
                            ]
                        }
                    },
                    {
                        "layout": [],
                        "disableLayout": false,
                        "@name": "Title",
                        "@type": "htmlTag",
                        "tagType": "",
                        "selfClose": false,
                        "id": "",
                        "class": "",
                        "function": {
                            "@name": "HTML Content",
                            "@type": "htmlContent",
                            "htmlContent": "<h1> Material Handling & Labels <\/h1>"
                        }
                    },
                    {
                        "disableLayout": false,
                        "@name": "Links",
                        "@type": "htmlTag",
                        "tagType": "div",
                        "selfClose": false,
                        "id": "",
                        "class": "shipping-faqs",
                        "layout": [{
                            "layout": [],
                            "disableLayout": false,
                            "@name": "HTML Tag",
                            "@type": "htmlTag",
                            "tagType": "",
                            "selfClose": false,
                            "id": "",
                            "class": "",
                            "function": {
                                "@name": "HTML Content",
                                "@type": "htmlContent",
                                "htmlContent": "<a href=\"#\" target=\"_blank\">\n                                  <span class=\"freeman-icon-shipping-material-handling\"><\/span> Where to Ship Your Freight\n                                  <\/a>\n                                  <a target=\"_blank\" href=\"#\">\n                                  <span class=\"freeman-icon-faqs\"><\/span> View MHA FAQs\n                                  <\/a>"
                            }
                        }],
                        "function": {}
                    },
                    {
                        "layout": [],
                        "disableLayout": false,
                        "@name": "Material Handling Text",
                        "@type": "htmlTag",
                        "tagType": "",
                        "selfClose": false,
                        "id": "",
                        "class": "",
                        "function": {
                            "@name": "Material Handling Text",
                            "@type": "materialHandlingText"
                        }
                    },
                    {
                        "layout": [],
                        "disableLayout": false,
                        "@name": "Material Handling Rates",
                        "@type": "htmlTag",
                        "tagType": "",
                        "selfClose": false,
                        "id": "",
                        "class": "",
                        "function": {
                            "@name": "Material Handling Rates",
                            "@type": "materialHandlingRates"
                        }
                    }
                ],
                "function": {}
            }],
            "function": {}
        }],
        "footerContent": [{
            "ruleLimit": "1",
            "@name": "Footer Content Slot",
            "templateTypes": ["Layout"],
            "templateIds": [],
            "@type": "contentSlotLayout",
            "contentPaths": ["/content/Shared/Footer"]
        }]
    }
}