{
    "workflowNote": "",
    "ecr:lastModifiedBy": "admin",
    "ecr:lastModified": "2018-12-26T07:06:51.452Z",
    "contentType": "Page",
    "ecr:createDate": "2018-12-26T15:06:51.452+08:00",
    "ecr:type": "page",
    "contentItem": {
        "ruleLimit": "1",
        "@name": "Dynamic Page Slot",
        "templateTypes": ["Page"],
        "templateIds": [],
        "@type": "pageSlot",
        "contentPaths": ["/content/Web/User Page/User Profile Page"],
        "redirectGroup": ""
    }
}