{
    "workflowNote": "",
    "ecr:lastModifiedBy": "admin",
    "ecr:lastModified": "2018-04-24T10:08:52.865+08:00",
    "contentType": "Page",
    "ecr:createDate": "2018-04-24T10:06:57.114+08:00",
    "ecr:type": "page",
    "contentItem": {
        "ruleLimit": "1",
        "@name": "Dynamic Page Slot",
        "templateTypes": ["Page"],
        "templateIds": [],
        "@type": "pageSlot",
        "contentPaths": ["/content/Web/Wish List"],
        "redirectGroup": ""
    }
}