{
    "workflowNote": "",
    "userSegments": ["MobileUser"],
    "forceExpansion": "true",
    "workflowState": "ACTIVE",
    "ecr:lastModifiedBy": "admin",
    "ecr:lastModified": "2018-11-28T11:22:25.665+08:00",
    "startTime": "",
    "endTime": "",
    "priority": 10,
    "ecr:createDate": "2017-11-13T15:11:06.996+08:00",
    "ecr:type": "content-item",
    "triggers": [{"exactLocation": false}],
    "contentItem": {
        "cssName": "pdp/style",
        "@name": "Mobile Product Detail Page",
        "metaKeywords": "",
        "@type": "oneColumnPage",
        "title": "FreemanOnline Events and Exhibit Solutions",
        "metaDescription": "",
        "redirectGroup": "",
        "jsName": "pdp/productDetail",
        "headerContent": [{
            "ruleLimit": "1",
            "@name": "Main Content Slot",
            "templateTypes": ["Layout"],
            "templateIds": [],
            "@type": "contentSlotLayout",
            "contentPaths": ["/content/Shared/Header"]
        }],
        "slideOutContent": [{
            "ruleLimit": "1",
            "@name": "SlideOut Content Slot",
            "templateTypes": ["Layout"],
            "templateIds": [],
            "@type": "contentSlotLayout",
            "contentPaths": ["/content/Shared/SlideOut"]
        }],
        "mainContent": [{
            "disableLayout": false,
            "@name": "Product Details",
            "@type": "htmlTag",
            "tagType": "div",
            "selfClose": false,
            "id": "",
            "class": "main_content menu_bar browse-extend-background",
            "layout": [
                {
                    "disableLayout": false,
                    "@name": "HTML Tag",
                    "@type": "htmlTag",
                    "tagType": "div",
                    "selfClose": false,
                    "id": "",
                    "class": "search-body content-width clearfix",
                    "layout": [{
                        "disableLayout": false,
                        "@name": "HTML Tag",
                        "@type": "htmlTag",
                        "tagType": "div",
                        "selfClose": false,
                        "id": "",
                        "class": "left-column col-sm-8",
                        "layout": [
                            {
                                "layout": [],
                                "disableLayout": false,
                                "@name": "Breadcrumb",
                                "@type": "htmlTag",
                                "tagType": "",
                                "selfClose": false,
                                "id": "",
                                "class": "",
                                "function": {
                                    "@name": "Product Breadcrumb",
                                    "@type": "productBreadcrumb"
                                }
                            },
                            {
                                "layout": [],
                                "disableLayout": false,
                                "@name": "Image",
                                "@type": "htmlTag",
                                "tagType": "",
                                "selfClose": false,
                                "id": "",
                                "class": "",
                                "function": {
                                    "@name": "Product Image",
                                    "@type": "productImage",
                                    "title": "Product Image",
                                    "numOfDisplayedImages": "4"
                                }
                            },
                            {
                                "layout": [],
                                "disableLayout": false,
                                "@name": "Information",
                                "@type": "htmlTag",
                                "tagType": "",
                                "selfClose": false,
                                "id": "",
                                "class": "",
                                "function": {
                                    "@name": "Product Info",
                                    "@type": "productInfo"
                                }
                            },
                            {
                                "layout": [],
                                "disableLayout": false,
                                "@name": "Selections",
                                "@type": "htmlTag",
                                "tagType": "",
                                "selfClose": false,
                                "id": "",
                                "class": "",
                                "function": {
                                    "@name": "Product Selections",
                                    "@type": "productSelections"
                                }
                            },
                            {
                                "layout": [],
                                "disableLayout": true,
                                "@name": "Products In Packages",
                                "@type": "htmlTag",
                                "tagType": "",
                                "selfClose": false,
                                "id": "",
                                "class": "",
                                "function": {
                                    "@name": "Products In Packages",
                                    "@type": "productsInPackages",
                                    "numOfDisplayedRecords": "4",
                                    "title": "Products In Packages"
                                }
                            },
                            {
                                "layout": [],
                                "disableLayout": true,
                                "@name": "Products Available Packages",
                                "@type": "htmlTag",
                                "tagType": "",
                                "selfClose": false,
                                "id": "",
                                "class": "",
                                "function": {
                                    "@name": "Products Available Packages",
                                    "@type": "productsAvailablePackages",
                                    "numOfDisplayedRecords": "4",
                                    "title": "Products Available Packages"
                                }
                            },
                            {
                                "layout": [],
                                "disableLayout": false,
                                "@name": "Upgrade",
                                "@type": "htmlTag",
                                "tagType": "",
                                "selfClose": false,
                                "id": "",
                                "class": "",
                                "function": {
                                    "@name": "Product Upgrade Available",
                                    "enableRightArrow": true,
                                    "@type": "productUpgrade",
                                    "enableLeftArrow": true,
                                    "numOfDisplayedRecords": "4",
                                    "title": "Product Upgrade Available"
                                }
                            },
                            {
                                "layout": [],
                                "disableLayout": false,
                                "@name": "Related Products Services",
                                "@type": "htmlTag",
                                "tagType": "",
                                "selfClose": false,
                                "id": "",
                                "class": "",
                                "function": {
                                    "@name": "Related Products Services",
                                    "enableRightArrow": true,
                                    "@type": "relatedProductServices",
                                    "enableLeftArrow": true,
                                    "numOfDisplayedRecords": "4",
                                    "title": "Related Product & Service"
                                }
                            },
                            {
                                "layout": [],
                                "disableLayout": false,
                                "@name": "Recently Viewed",
                                "@type": "htmlTag",
                                "tagType": "",
                                "selfClose": false,
                                "id": "",
                                "class": "",
                                "function": {
                                    "@name": "Recently Viewed Products",
                                    "enableRightArrow": true,
                                    "@type": "recentlyViewedProducts",
                                    "enableLeftArrow": true,
                                    "numOfDisplayedRecords": "4",
                                    "title": "Recently Viewed Products"
                                }
                            },
                            {
                                "layout": [],
                                "disableLayout": false,
                                "@name": "Compare Tray",
                                "@type": "htmlTag",
                                "tagType": "",
                                "selfClose": false,
                                "id": "",
                                "class": "",
                                "function": {
                                    "@name": "Compare Tray",
                                    "@type": "compareTray"
                                }
                            }
                        ],
                        "function": {}
                    }],
                    "function": {}
                },
                {
                    "layout": [],
                    "disableLayout": false,
                    "@name": "Freeman Popup",
                    "@type": "htmlTag",
                    "tagType": "",
                    "selfClose": false,
                    "id": "",
                    "class": "",
                    "function": {
                        "@name": "Freeman Popup",
                        "@type": "freemanPopup"
                    }
                }
            ],
            "function": {}
        }],
        "footerContent": [{
            "ruleLimit": "1",
            "@name": "Footer Content Slot",
            "templateTypes": ["Layout"],
            "templateIds": [],
            "@type": "contentSlotLayout",
            "contentPaths": ["/content/Shared/Footer"]
        }]
    }
}