{
    "workflowNote": "",
    "ecr:lastModifiedBy": "admin",
    "ecr:lastModified": "2018-11-21T06:37:14.496Z",
    "contentType": "Page",
    "ecr:createDate": "2018-11-21T14:37:14.496+08:00",
    "ecr:type": "page",
    "contentItem": {
        "ruleLimit": "1",
        "@name": "Dynamic Page Slot",
        "templateTypes": ["Page"],
        "templateIds": [],
        "@type": "pageSlot",
        "contentPaths": ["/content/Web/User Page/Forget Password Page"],
        "redirectGroup": ""
    }
}