{
    "@description": "${template.description}",
    "@group": "Function",
    "ecr:createDate": "2019-09-23T17:09:22.766+08:00",
    "@thumbnailUrl": "thumbnail.png",
    "ecr:type": "template",
    "locales": {},
    "typeInfo": {
        "targeter": {"@propertyType": "String"},
        "maxNum": {"@propertyType": "String"},
        "containerLocation": {"@propertyType": "String"},
        "creative": {"@propertyType": "String"},
        "displayPage": {"@propertyType": "String"}
    },
    "defaultContentItem": {
        "@name": "Personalization Banner",
        "targeter": "",
        "maxNum": "1",
        "containerLocation": "",
        "displayPage": "",
        "creative": ""
    },
    "editorPanel": {
        "editor": "editors/DefaultEditorPanel",
        "children": [
            {
                "editor": "editors/StringEditor",
                "propertyName": "targeter",
                "label": "${property.targeter.label}",
                "enabled": true
            },
            {
                "editor": "editors/NumericStepperEditor",
                "propertyName": "maxNum",
                "maxValue": 100,
                "label": "${property.count.label}"
            },
            {
                "editor": "editors/ChoiceEditor",
                "propertyName": "containerLocation",
                "label": "Container Location",
                "choice": [
                    {
                        "label": "Category",
                        "value": "category"
                    },
                    {
                        "label": "Sub Category",
                        "value": "subcategory"
                    },
                    {
                        "label": "Category Middle",
                        "value": "category-middle"
                    },
                    {
                        "label": "Category Bottom",
                        "value": "category-bottom"
                    },
                    {
                        "label": "Sub Category Bottom",
                        "value": "subcategory-bottom"
                    },
                    {
                        "label": "Domestic Shipping",
                        "value": "domestic-shipping"
                    },
                    {
                        "label": "Order Confirmation",
                        "value": "order-confirmation"
                    },
                    {
                        "label": "Cart",
                        "value": "cart"
                    },
                    {
                        "label": "Cart Summary Top",
                        "value": "cartsummary-top"
                    },
                    {
                        "label": "Cart Summary Middle",
                        "value": "cartsummary-middle"
                    },
                    {
                        "label": "Cart Summary Bottom",
                        "value": "cartsummary-bottom"
                    },
                    {
                        "label": "Landing",
                        "value": "landing"
                    },
                    {
                        "label": "Landing Middle",
                        "value": "Landing-Middle"
                    },
                    {
                        "label": "Landing Bottom",
                        "value": "Landing-Bottom"
                    },
                    {
                        "label": "Forms Brochures Bottom",
                        "value": "FormsBottom"
                    },
                    {
                        "label": "Forms Brochures Top",
                        "value": "FormsTop"
                    },
                    {
                        "label": "Account Summary",
                        "value": "account-summary"
                    },
                    {
                        "label": "PLP Middle",
                        "value": "plp-middle"
                    },
                    {
                        "label": "Search Middle",
                        "value": "search-middle"
                    },
                    {
                        "label": "Wishlist Summary Top",
                        "value": "wishlistsummary-top"
                    },
                    {
                        "label": "Wishlist Summary Middle",
                        "value": "wishlistsummary-middle"
                    },
                    {
                        "label": "Wishlist Summary Bottom",
                        "value": "wishlistsummary-bottom"
                    },
                    {
                        "label": "MHA List Bottom",
                        "value": "mhalist-bottom"
                    },
                    {
                        "label": "Labor Service Top",
                        "value": "labor-service-top"
                    },
                    {
                        "label": "Labor Service Bottom",
                        "value": "labor-service-bottom"
                    },
                    {
                        "label": "Labor Details Top",
                        "value": "labor-details-top"
                    },
                    {
                        "label": "Labor Details Bottom",
                        "value": "labor-details-bottom"
                    },
                    {
                        "label": "Labor Cart Bottom",
                        "value": "labor-cart-bottom"
                    },
                    {
                        "label": "Order Confirmation Bottom",
                        "value": "order-confirmation-bottom"
                    },
                    {
                        "label": "Concierge Services Request Bottom",
                        "value": "viewrequest-bottom"
                    },
                    {
                        "label": "Show-MoveOut Landing Bottom",
                        "value": "showmoveoutlanding-bottom"
                    },
                    {
                        "label": "View Order Bottom",
                        "value": "vieworder-bottom"
                    },
                    {
                        "label": "View Invoice Bottom",
                        "value": "viewinvoice-bottom"
                    },
                    {
                        "label": "View Contractor Orders Bottom",
                        "value": "viewcontractororders-bottom"
                    },
                    {
                        "label": "View Freights Bottom",
                        "value": "viewfreights-bottom"
                    },
                    {
                        "label": "View Show Site Orders Bottom",
                        "value": "viewshowsiteorders-bottom"
                    },
                    {
                        "label": "View Alerts Bottom",
                        "value": "viewalerts-bottom"
                    },
                    {
                        "label": "View Notification Contacts Bottom",
                        "value": "viewnotificationcontacts-bottom"
                    }
                ]
            },
            {
                "editor": "editors/ChoiceEditor",
                "propertyName": "creative",
                "label": "Creative",
                "choice": [
                    {
                        "label": "Show Home Landing",
                        "value": "Show Home/Landing"
                    },
                    {
                        "label": "Product Catalog",
                        "value": "Product Catalog"
                    },
                    {
                        "label": "Product Sub-Category",
                        "value": "Product Sub-Category"
                    },
                    {
                        "label": "Cart Summary",
                        "value": "Cart Summary"
                    },
                    {
                        "label": "Search Result",
                        "value": "Search Result"
                    },
                    {
                        "label": "Product Listing",
                        "value": "Product Listing"
                    },
                    {
                        "label": "Wishlist Summary",
                        "value": "Wishlist Summary"
                    },
                    {
                        "label": "MHA List",
                        "value": "MHA List"
                    },
                    {
                        "label": "Labor Service",
                        "value": "Labor Service"
                    },
                    {
                        "label": "Labor Details",
                        "value": "Labor Details"
                    },
                    {
                        "label": "Labor Add To Cart",
                        "value": "Labor Add To Cart"
                    },
                    {
                        "label": "Order Confirmation",
                        "value": "Order Confirmation"
                    },
                    {
                        "label": "Forms And Brochures",
                        "value": "Forms And Brochures"
                    },
                    {
                        "label": "Concierge Services",
                        "value": "Concierge Services"
                    },
                    {
                        "label": "Show-MoveOut Landing",
                        "value": "Show-MoveOut Landing"
                    },
                    {
                        "label": "View Order History",
                        "value": "View Order History"
                    },
                    {
                        "label": "View Invoice",
                        "value": "View Invoice"
                    },
                    {
                        "label": "View Contractor Orders",
                        "value": "View Contractor Orders"
                    },
                    {
                        "label": "View Freights",
                        "value": "View Freights"
                    },
                    {
                        "label": "View Show Site Orders",
                        "value": "View Show Site Orders"
                    },
                    {
                        "label": "View Alerts",
                        "value": "View Alerts"
                    },
                    {
                        "label": "View Notification Contacts",
                        "value": "View Notification Contacts"
                    }
                ]
            },
            {
                "editor": "editors/ChoiceEditor",
                "propertyName": "displayPage",
                "label": "Display Page",
                "choice": [
                    {
                        "label": "None",
                        "value": ""
                    },
                    {
                        "label": "View Show Information",
                        "value": "View Show Information"
                    },
                    {
                        "label": "Account Summary",
                        "value": "Account Summary"
                    },
                    {
                        "label": "Forms & Brochures",
                        "value": "Forms & Brochures"
                    }
                ]
            }
        ]
    }
}