{
    "workflowNote": "",
    "ecr:lastModifiedBy": "admin",
    "ecr:lastModified": "2018-08-03T15:20:51.138+08:00",
    "contentType": "Page",
    "ecr:createDate": "2018-08-02T17:25:10.356+08:00",
    "ecr:type": "page",
    "contentItem": {
        "ruleLimit": "1",
        "@name": "Dynamic Page Slot",
        "templateTypes": ["Page"],
        "templateIds": [],
        "@type": "pageSlot",
        "contentPaths": ["/content/Web/MHA Show Move Out/Shipping Information"],
        "redirectGroup": ""
    }
}