{
    "workflowNote": "",
    "workflowState": "ACTIVE",
    "ecr:lastModifiedBy": "derek",
    "ecr:lastModified": "2019-02-27T23:01:01.513Z",
    "startTime": "",
    "endTime": "",
    "priority": 10,
    "ecr:createDate": "2018-12-24T15:45:33.559+08:00",
    "ecr:type": "content-item",
    "triggers": [{"exactLocation": false}],
    "contentItem": {
        "cssName": "show/style",
        "@name": "One Column Page",
        "metaKeywords": "",
        "@type": "oneColumnPage",
        "title": "FreemanOnline Events and Exhibit Solutions",
        "metaDescription": "",
        "redirectGroup": "",
        "jsName": "forms-and-brochures/formsAndBrochures",
        "headerContent": [{
            "ruleLimit": "1",
            "@name": "Main Content Slot",
            "templateTypes": ["Layout"],
            "templateIds": [],
            "@type": "contentSlotLayout",
            "contentPaths": ["/content/Shared/Header"]
        }],
        "slideOutContent": [{
            "ruleLimit": "1",
            "@name": "Main Content Slot",
            "templateTypes": ["Layout"],
            "templateIds": [],
            "@type": "contentSlotLayout",
            "contentPaths": ["/content/Shared/SlideOut"]
        }],
        "mainContent": [{
            "disableLayout": false,
            "@name": "HTML Tag",
            "@type": "htmlTag",
            "tagType": "div",
            "selfClose": false,
            "id": "",
            "class": "main_content browse-extend-background",
            "layout": [{
                "disableLayout": false,
                "@name": "HTML Tag",
                "@type": "htmlTag",
                "tagType": "div",
                "selfClose": false,
                "id": "",
                "class": "content-width forms-brochures",
                "layout": [
                    {
                        "layout": [],
                        "disableLayout": false,
                        "@name": "Breadcrumb",
                        "@type": "htmlTag",
                        "tagType": "div",
                        "selfClose": false,
                        "id": "",
                        "class": "row hidden-xs",
                        "function": {
                            "attributeId": "",
                            "@name": "Configurable Breadcrumb",
                            "attributeClass": "",
                            "@type": "configurableBreadcrumb",
                            "breadcrumbItems": [
                                {
                                    "attributeId": "",
                                    "@name": "Home",
                                    "isDynamic": false,
                                    "attributeClass": "",
                                    "displayName": "Home",
                                    "@type": "breadcrumbItem",
                                    "url": "/show/landing?showID=@showID@"
                                },
                                {
                                    "attributeId": "",
                                    "@name": "Form & Brochures",
                                    "isDynamic": false,
                                    "attributeClass": "",
                                    "displayName": "Form & Brochures",
                                    "@type": "breadcrumbItem",
                                    "url": ""
                                }
                            ]
                        }
                    },
                    {
                        "layout": [],
                        "disableLayout": false,
                        "@name": "Title",
                        "@type": "htmlTag",
                        "tagType": "",
                        "selfClose": false,
                        "id": "",
                        "class": "",
                        "function": {
                            "@name": "HTML Content",
                            "@type": "htmlContent",
                            "htmlContent": "<h1>\n                            Forms & Brochures\n                            <span>\n                            <a class=\"js-download-reader\" href=\"https://get.adobe.com/reader/\" target=\"_blank\">\n                            <i class=\"fact-icon fact-icon-pdf\"><\/i>\n                            Download Adobe Reader\n                            <i title=\"\" data-container=\"body\" data-toggle=\"tooltip\" data-placement=\"bottom\" class=\"freeman-icon-info\"\n                            data-original-title=\"For the best viewing experience, please use Adobe Acrobat Reader 8.0 or higher and download to your computer.  PDF documents opened within your browser may not render correctly.\"><\/i>\n                            <\/a>\n                            <\/span>\n                            <\/h1>"
                        }
                    },
                    {
                        "layout": [],
                        "disableLayout": false,
                        "@name": "Table of Contents",
                        "@type": "htmlTag",
                        "tagType": "",
                        "selfClose": false,
                        "id": "",
                        "class": "",
                        "function": {
                            "@name": "Form And Brochures Table of Contents",
                            "@type": "formBrochuresTableOfContents"
                        }
                    },
                    {
                        "layout": [],
                        "disableLayout": false,
                        "@name": "Personalization Banner",
                        "@type": "htmlTag",
                        "tagType": "",
                        "selfClose": false,
                        "id": "",
                        "class": "",
                        "function": {
                            "@name": "Personalization Banner",
                            "@type": "personalizationBanner",
                            "targeter": "/atg/registry/RepositoryTargeters/formsTop",
                            "maxNum": "1",
                            "containerLocation": "FormsTop",
                            "displayPage": "Forms & Brochures",
                            "creative": "Forms And Brochures"
                        }
                    },
                    {
                        "layout": [],
                        "disableLayout": false,
                        "@name": "Form And Brochures Contents",
                        "@type": "htmlTag",
                        "tagType": "",
                        "selfClose": false,
                        "id": "",
                        "class": "",
                        "function": {
                            "@name": "Form And Brochures Contents",
                            "@type": "formBrochuresContents"
                        }
                    },
                    {
                        "layout": [],
                        "disableLayout": false,
                        "@name": "Personalization Banner",
                        "@type": "htmlTag",
                        "tagType": "",
                        "selfClose": false,
                        "id": "",
                        "class": "",
                        "function": {
                            "@name": "Personalization Banner",
                            "@type": "personalizationBanner",
                            "targeter": "/atg/registry/RepositoryTargeters/formsBottom",
                            "maxNum": "1",
                            "containerLocation": "FormsBottom",
                            "displayPage": "Forms & Brochures",
                            "creative": "Forms And Brochures"
                        }
                    }
                ],
                "function": {}
            }],
            "function": {}
        }],
        "footerContent": [{
            "ruleLimit": "1",
            "@name": "Main Content Slot",
            "templateTypes": ["Layout"],
            "templateIds": [],
            "@type": "contentSlotLayout",
            "contentPaths": ["/content/Shared/Footer"]
        }]
    }
}