{
    "workflowNote": "",
    "ecr:lastModifiedBy": "admin",
    "ecr:lastModified": "2019-04-17T10:14:17.980+08:00",
    "contentType": "Page",
    "ecr:createDate": "2017-04-17T10:15:31.918+08:00",
    "ecr:type": "page",
    "contentItem": {
        "ruleLimit": "1",
        "@name": "Category Page",
        "templateTypes": ["Page"],
        "templateIds": [],
        "@type": "pageSlot",
        "contentPaths": ["/content/Web/Faqs Pages/Default Faqs Pages"],
        "redirectGroup": ""
    }
}