{
    "workflowNote": "",
    "ecr:lastModifiedBy": "admin",
    "ecr:lastModified": "2017-11-15T02:14:17.976Z",
    "contentType": "Page",
    "ecr:createDate": "2017-11-15T10:14:17.976+08:00",
    "ecr:type": "page",
    "contentItem": {
        "ruleLimit": "1",
        "@name": "Dynamic Page Slot",
        "templateTypes": ["Page"],
        "templateIds": [],
        "@type": "pageSlot",
        "contentPaths": ["/content/Web/Shipping And Material Handling Agreements Pages"],
        "redirectGroup": ""
    }
}