{
    "workflowNote": "",
    "workflowState": "ACTIVE",
    "ecr:lastModifiedBy": "admin",
    "ecr:lastModified": "2018-12-26T07:06:51.484Z",
    "startTime": "",
    "endTime": "",
    "priority": 10,
    "ecr:createDate": "2018-12-26T15:06:51.484+08:00",
    "ecr:type": "content-item",
    "triggers": [{"exactLocation": false}],
    "contentItem": {
        "cssName": "show/style",
        "@name": "One Column Page",
        "metaKeywords": "",
        "@type": "oneColumnPage",
        "title": "FreemanOnline Events and Exhibit Solutions",
        "metaDescription": "",
        "redirectGroup": "",
        "jsName": "show/customBooth",
        "headerContent": [{
            "ruleLimit": "1",
            "@name": "Header Content Slot",
            "templateTypes": ["Layout"],
            "templateIds": [],
            "@type": "contentSlotLayout",
            "contentPaths": ["/content/Shared/Header"]
        }],
        "slideOutContent": [{
            "ruleLimit": "1",
            "@name": "SlideOut Content Slot",
            "templateTypes": ["Layout"],
            "templateIds": [],
            "@type": "contentSlotLayout",
            "contentPaths": ["/content/Shared/SlideOut"]
        }],
        "mainContent": [{
            "disableLayout": false,
            "@name": "HTML Tag",
            "@type": "htmlTag",
            "tagType": "div",
            "selfClose": false,
            "id": "",
            "class": "main_content browse-extend-background CBC",
            "layout": [
                {
                    "disableLayout": false,
                    "@name": "HTML Tag",
                    "@type": "htmlTag",
                    "tagType": "div",
                    "selfClose": false,
                    "id": "",
                    "class": "content-width CBC-menubar",
                    "layout": [
                        {
                            "layout": [],
                            "disableLayout": false,
                            "@name": "HTML Tag",
                            "@type": "htmlTag",
                            "tagType": "div",
                            "selfClose": false,
                            "id": "",
                            "class": "row hidden-xs",
                            "function": {
                                "attributeId": "",
                                "@name": "Configurable Breadcrumb",
                                "attributeClass": "",
                                "@type": "configurableBreadcrumb",
                                "breadcrumbItems": [
                                    {
                                        "attributeId": "",
                                        "@name": "Home",
                                        "isDynamic": true,
                                        "attributeClass": "",
                                        "displayName": "Home",
                                        "@type": "breadcrumbItem",
                                        "url": "/user/my-dashboard.jsp"
                                    },
                                    {
                                        "attributeId": "",
                                        "@name": "Custom Booth Consultation",
                                        "isDynamic": false,
                                        "attributeClass": "",
                                        "displayName": "Custom Booth Consultation",
                                        "@type": "breadcrumbItem",
                                        "url": ""
                                    }
                                ]
                            }
                        },
                        {
                            "layout": [],
                            "disableLayout": false,
                            "@name": "HTML Tag",
                            "@type": "htmlTag",
                            "tagType": "div",
                            "selfClose": false,
                            "id": "",
                            "class": "menubar_title",
                            "function": {
                                "@name": "HTML Content",
                                "@type": "htmlContent",
                                "htmlContent": "<h3>Custom Booth Consultation<\/h3>\n                            <p>Designing a booth that drives results can be difficult.<\/p><br>\n                            <p>With over 90 years of experience, Freeman knows exactly what it takes to make this your best exhibition ever. Speak with our expert booth consultants today, completely free, and see what a results-driven booth can do for your business.<\/p>"
                            }
                        }
                    ],
                    "function": {}
                },
                {
                    "layout": [],
                    "disableLayout": false,
                    "@name": "HTML Tag",
                    "@type": "htmlTag",
                    "tagType": "",
                    "selfClose": false,
                    "id": "",
                    "class": "",
                    "function": {
                        "@name": "Custom Booth Information",
                        "@type": "customBoothInformation"
                    }
                }
            ],
            "function": {}
        }],
        "footerContent": [{
            "ruleLimit": "1",
            "@name": "Footer Content Slot",
            "templateTypes": ["Layout"],
            "templateIds": [],
            "@type": "contentSlotLayout",
            "contentPaths": ["/content/Shared/Footer"]
        }]
    }
}