{
    "ecr:lastModifiedBy": "admin",
    "ecr:lastModified": "2019-09-23T17:42:50.551-04:00",
    "ecr:createDate": "2017-01-04T15:50:40.624+08:00",
    "ecr:type": "redirect-group",
    "347ff4bf27c4436ebadb5fdff44d2a72": {
        "searchTerms": "invoice",
        "ecr:lastModifiedBy": "admin",
        "ecr:lastModified": "2019-09-23T17:42:50.551-04:00",
        "matchmode": "MATCHPHRASE",
        "ecr:createDate": "2019-09-23T17:42:50.551-04:00",
        "url": "/store/user/my-dashboard.jsp",
        "ecr:type": "redirect-entry",
        "searchTermExpansions": {"0": {"invoice": ["invoices"]}}
    },
    "a48da8d4e2b94b2e9ed8ade82773db7a": {
        "searchTerms": "invoices",
        "ecr:lastModifiedBy": "admin",
        "ecr:lastModified": "2019-09-23T17:42:50.551-04:00",
        "matchmode": "MATCHPHRASE",
        "ecr:createDate": "2019-09-23T17:42:50.551-04:00",
        "url": "/store/user/my-dashboard.jsp",
        "ecr:type": "redirect-entry",
        "searchTermExpansions": {"0": {"invoices": ["invoices"]}}
    }
}