{
    "workflowNote": "",
    "ecr:lastModifiedBy": "admin",
    "ecr:lastModified": "2019-05-16T03:07:39.005Z",
    "contentType": "Page",
    "ecr:createDate": "2019-05-16T11:07:39.005+08:00",
    "ecr:type": "page",
    "contentItem": {
        "ruleLimit": "1",
        "@name": "Dynamic Page Slot",
        "templateTypes": ["Page"],
        "templateIds": [],
        "@type": "pageSlot",
        "contentPaths": ["/content/Web/Contractor Pages/template-ces-cmd"],
        "redirectGroup": ""
    }
}