{
    "workflowNote": "",
    "workflowState": "ACTIVE",
    "ecr:lastModifiedBy": "admin",
    "ecr:lastModified": "2018-01-15T13:31:19.945+08:00",
    "startTime": "2018-03-24T00:00",
    "endTime": "2018-04-07T23:59",
    "priority": 10,
    "ecr:createDate": "2018-01-15T10:43:28.971+08:00",
    "ecr:type": "content-item",
    "triggers": [{"exactLocation": false}],
    "contentItem": {
        "layout": [],
        "disableLayout": false,
        "@name": "Ticker",
        "@type": "htmlTag",
        "tagType": "",
        "selfClose": false,
        "id": "",
        "class": "",
        "function": {
            "@name": "Ticker",
            "defaultTickerMessage": "Our new and improved Product Catalog is now live. Check it out!",
            "@type": "ticker"
        }
    }
}