{
    "workflowNote": "",
    "workflowState": "ACTIVE",
    "ecr:lastModifiedBy": "admin",
    "ecr:lastModified": "2018-11-28T11:22:25.777+08:00",
    "startTime": "",
    "endTime": "",
    "priority": 10,
    "ecr:createDate": "2017-11-15T10:14:17.987+08:00",
    "ecr:type": "content-item",
    "triggers": [{"exactLocation": false}],
    "contentItem": {
        "cssName": "shipping/shipping",
        "@name": "One Column Page",
        "metaKeywords": "",
        "@type": "oneColumnPage",
        "title": "FreemanOnline Events and Exhibit Solutions",
        "metaDescription": "",
        "redirectGroup": "",
        "jsName": "material-handling/shipping",
        "headerContent": [{
            "ruleLimit": "1",
            "@name": "Main Content Slot",
            "templateTypes": ["Layout"],
            "templateIds": [],
            "@type": "contentSlotLayout",
            "contentPaths": ["/content/Shared/Header"]
        }],
        "slideOutContent": [{
            "ruleLimit": "1",
            "@name": "SlideOut Content Slot",
            "templateTypes": ["Layout"],
            "templateIds": [],
            "@type": "contentSlotLayout",
            "contentPaths": ["/content/Shared/SlideOut"]
        }],
        "mainContent": [{
            "layout": [],
            "disableLayout": false,
            "@name": "Main Content",
            "@type": "htmlTag",
            "tagType": "div",
            "selfClose": false,
            "id": "",
            "class": "main_content menu_bar category-body clearfix browse-extend-background",
            "function": {
                "@name": "ShippingMaterialHandlingAgreements",
                "@type": "shippingMaterialHandlingAgreements"
            }
        }],
        "footerContent": [{
            "ruleLimit": "1",
            "@name": "Footer Content Slot",
            "templateTypes": ["Layout"],
            "templateIds": [],
            "@type": "contentSlotLayout",
            "contentPaths": ["/content/Shared/Footer"]
        }]
    }
}