{
    "workflowNote": "",
    "workflowState": "ACTIVE",
    "ecr:lastModifiedBy": "derek",
    "ecr:lastModified": "2019-08-30T14:30:18.968Z",
    "startTime": "",
    "endTime": "",
    "priority": 10,
    "ecr:createDate": "2017-12-20T18:40:56.421+08:00",
    "ecr:type": "content-item",
    "triggers": [{"exactLocation": false}],
    "contentItem": {
        "layout": [],
        "disableLayout": false,
        "@name": "Results List",
        "@type": "htmlTag",
        "tagType": "",
        "selfClose": false,
        "id": "",
        "class": "",
        "function": {
            "enableBestMatch": false,
            "buryStrata": [],
            "@name": "Results List",
            "@type": "resultsList",
            "relRankStrategy": "static(TagRank,ascending),nterms,maxfield,glom,exact,phrase,static(OpenDate,ascending)",
            "recordsPerPage": "25",
            "boostStrata": [
                {
                    "@class": "com.endeca.infront.navigation.model.CollectionFilter",
                    "innerFilter": {
                        "@class": "com.endeca.infront.navigation.model.PropertyFilter",
                        "name": "ProductId",
                        "value": "shippingServices03"
                    }
                },
                {
                    "@class": "com.endeca.infront.navigation.model.CollectionFilter",
                    "innerFilter": {
                        "@class": "com.endeca.infront.navigation.model.PropertyFilter",
                        "name": "ProductId",
                        "value": "materialHandlingPackages02"
                    }
                },
                {
                    "@class": "com.endeca.infront.navigation.model.CollectionFilter",
                    "innerFilter": {
                        "@class": "com.endeca.infront.navigation.model.PropertyFilter",
                        "name": "ProductId",
                        "value": "outlets60"
                    }
                },
                {
                    "@class": "com.endeca.infront.navigation.model.CollectionFilter",
                    "innerFilter": {
                        "@class": "com.endeca.infront.navigation.model.PropertyFilter",
                        "name": "ProductId",
                        "value": "labor40"
                    }
                }
            ],
            "sortOption": {
                "@class": "com.endeca.infront.navigation.model.SortOption",
                "label": "Best Match",
                "sorts": [{
                    "@class": "com.endeca.infront.navigation.model.SortSpec",
                    "key": "bm",
                    "descending": "true"
                }]
            },
            "excludedProductIds": {
                "@class": "com.endeca.infront.cartridge.RecordSpotlightSelection",
                "filterState": {
                    "@class": "com.endeca.infront.navigation.model.FilterState",
                    "featuredRecords": []
                }
            },
            "middleAdBanner": {
                "@name": "Personalization Banner",
                "@type": "personalizationBanner",
                "targeter": "/atg/registry/RepositoryTargeters/PLPMiddle",
                "maxNum": "1",
                "containerLocation": "plp-middle",
                "displayPage": "",
                "creative": "Product Listing"
            }
        }
    }
}