{
    "workflowNote": "",
    "workflowState": "ACTIVE",
    "ecr:lastModifiedBy": "admin",
    "ecr:lastModified": "2018-11-28T11:22:25.787+08:00",
    "startTime": "",
    "endTime": "",
    "priority": 10,
    "ecr:createDate": "2018-04-24T10:06:57.116+08:00",
    "ecr:type": "content-item",
    "triggers": [{"exactLocation": false}],
    "contentItem": {
        "cssName": "wishList/style",
        "@name": "One Column Page",
        "metaKeywords": "",
        "@type": "oneColumnPage",
        "title": "FreemanOnline Events and Exhibit Solutions",
        "metaDescription": "",
        "redirectGroup": "",
        "jsName": "wishList/wishList",
        "headerContent": [{
            "ruleLimit": "1",
            "@name": "Header Content Slot",
            "templateTypes": ["Layout"],
            "templateIds": [],
            "@type": "contentSlotLayout",
            "contentPaths": ["/content/Shared/Header"]
        }],
        "slideOutContent": [{
            "ruleLimit": "1",
            "@name": "Slide Out Content Slot",
            "templateTypes": ["Layout"],
            "templateIds": [],
            "@type": "contentSlotLayout",
            "contentPaths": ["/content/Shared/SlideOut"]
        }],
        "mainContent": [{
            "disableLayout": false,
            "@name": "HTML Tag",
            "@type": "htmlTag",
            "tagType": "div",
            "selfClose": false,
            "id": "",
            "class": "main_content menu_bar clearfix browse-extend-background",
            "layout": [
                {
                    "layout": [],
                    "disableLayout": false,
                    "@name": "HTML Tag",
                    "@type": "htmlTag",
                    "tagType": "div",
                    "selfClose": false,
                    "id": "",
                    "class": "content-width content-area-background",
                    "function": {
                        "@name": "Wish List",
                        "@type": "wishlist",
                        "bottomAdBanner": {
                            "@name": "Personalization Banner",
                            "@type": "personalizationBanner",
                            "targeter": "/atg/registry/RepositoryTargeters/WishlistBottom",
                            "maxNum": "1",
                            "containerLocation": "wishlistsummary-bottom",
                            "displayPage": "",
                            "creative": "Wishlist Summary"
                        },
                        "topAdBanner": {
                            "@name": "Personalization Banner",
                            "@type": "personalizationBanner",
                            "targeter": "/atg/registry/RepositoryTargeters/WishlistTop",
                            "maxNum": "1",
                            "containerLocation": "wishlistsummary-top",
                            "displayPage": "",
                            "creative": "Wishlist Summary"
                        },
                        "middleAdBanner": {
                            "@name": "Personalization Banner",
                            "@type": "personalizationBanner",
                            "targeter": "",
                            "maxNum": "1",
                            "containerLocation": "wishlistsummary-middle",
                            "displayPage": "",
                            "creative": "Wishlist Summary"
                        },
                        "frequentlyMissedItems": {
                            "@name": "Frequently Missed Items",
                            "@type": "frequentlyMissedItems"
                        }
                    }
                },
                {
                    "layout": [],
                    "disableLayout": false,
                    "@name": "HTML Tag",
                    "@type": "htmlTag",
                    "tagType": "",
                    "selfClose": false,
                    "id": "",
                    "class": "",
                    "function": {
                        "@name": "Compare Tray",
                        "@type": "compareTray"
                    }
                }
            ],
            "function": {}
        }],
        "footerContent": [{
            "ruleLimit": "1",
            "@name": "Footer Content Slot",
            "templateTypes": ["Layout"],
            "templateIds": [],
            "@type": "contentSlotLayout",
            "contentPaths": ["/content/Shared/Footer"]
        }]
    }
}