{
    "workflowNote": "",
    "workflowState": "ACTIVE",
    "ecr:lastModifiedBy": "admin",
    "ecr:lastModified": "2017-04-25T18:23:40.207+08:00",
    "startTime": "",
    "endTime": "",
    "priority": 10,
    "ecr:createDate": "2017-04-25T18:10:03.977+08:00",
    "ecr:type": "content-item",
    "triggers": [{"exactLocation": false}],
    "contentItem": {
        "buryStrata": [],
        "@name": "Type Ahead",
        "boostStrata": [],
        "@type": "typeAhead",
        "maxResults": "10",
        "maxCategoryResults": "3"
    }
}