{
    "workflowNote": "",
    "workflowState": "ACTIVE",
    "ecr:lastModifiedBy": "admin",
    "ecr:lastModified": "2019-03-04T05:46:06.752Z",
    "startTime": "",
    "endTime": "",
    "priority": 10,
    "ecr:createDate": "2019-03-04T13:46:06.751+08:00",
    "ecr:type": "content-item",
    "triggers": [{"exactLocation": false}],
    "contentItem": {
        "cssName": "notificationContact/style",
        "@name": "One Column Page",
        "metaKeywords": "",
        "@type": "oneColumnPage",
        "title": "FreemanOnline Events and Exhibit Solutions",
        "metaDescription": "",
        "redirectGroup": "",
        "jsName": "notificationContact/contact",
        "headerContent": [{
            "ruleLimit": "1",
            "@name": "Header Content Slot",
            "templateTypes": ["Layout"],
            "templateIds": [],
            "@type": "contentSlotLayout",
            "contentPaths": ["/content/Shared/Header"]
        }],
        "slideOutContent": [{
            "ruleLimit": "1",
            "@name": "Slideout Content Slot",
            "templateTypes": ["Layout"],
            "templateIds": [],
            "@type": "contentSlotLayout",
            "contentPaths": ["/content/Shared/SlideOut"]
        }],
        "mainContent": [{
            "disableLayout": false,
            "@name": "HTML Tag",
            "@type": "htmlTag",
            "tagType": "div",
            "selfClose": false,
            "id": "",
            "class": "main_content browse-extend-background notification_contact edit_notification",
            "layout": [
                {
                    "disableLayout": false,
                    "@name": "HTML Tag",
                    "@type": "htmlTag",
                    "tagType": "div",
                    "selfClose": false,
                    "id": "",
                    "class": "clearfix notification_contact_header edit_notification-header",
                    "layout": [
                        {
                            "layout": [],
                            "disableLayout": false,
                            "@name": "HTML Tag",
                            "@type": "htmlTag",
                            "tagType": "div",
                            "selfClose": false,
                            "id": "",
                            "class": "hidden-xs",
                            "function": {
                                "attributeId": "",
                                "@name": "Configurable Breadcrumb",
                                "attributeClass": "",
                                "@type": "configurableBreadcrumb",
                                "breadcrumbItems": [
                                    {
                                        "attributeId": "",
                                        "@name": "Home",
                                        "isDynamic": true,
                                        "attributeClass": "",
                                        "displayName": "Home",
                                        "@type": "breadcrumbItem",
                                        "url": "/user/my-dashbord.jsp"
                                    },
                                    {
                                        "attributeId": "",
                                        "@name": "Your Notification Summary",
                                        "isDynamic": true,
                                        "attributeClass": "",
                                        "displayName": "Your Notification Summary",
                                        "@type": "breadcrumbItem",
                                        "url": "/notification-summary"
                                    },
                                    {
                                        "attributeId": "",
                                        "@name": "Manage Notification Contacts",
                                        "isDynamic": true,
                                        "attributeClass": "",
                                        "displayName": "Manage Notification Contacts",
                                        "@type": "breadcrumbItem",
                                        "url": "/notification-summary/manage-contacts"
                                    },
                                    {
                                        "attributeId": "",
                                        "@name": "Add/Edit Notification Contact",
                                        "isDynamic": true,
                                        "attributeClass": "",
                                        "displayName": "{notificationContactAction} Notification Contact",
                                        "@type": "breadcrumbItem",
                                        "url": ""
                                    }
                                ]
                            }
                        },
                        {
                            "layout": [],
                            "disableLayout": false,
                            "@name": "HTML Tag",
                            "@type": "htmlTag",
                            "tagType": "div",
                            "selfClose": false,
                            "id": "",
                            "class": "",
                            "function": {
                                "@name": "Notification Title",
                                "@type": "notificationTitle"
                            }
                        }
                    ],
                    "function": {}
                },
                {
                    "disableLayout": false,
                    "@name": "HTML Tag",
                    "@type": "htmlTag",
                    "tagType": "div",
                    "selfClose": false,
                    "id": "",
                    "class": "",
                    "layout": [{
                        "layout": [],
                        "disableLayout": false,
                        "@name": "HTML Tag",
                        "@type": "htmlTag",
                        "tagType": "div",
                        "selfClose": false,
                        "id": "",
                        "class": "",
                        "function": {
                            "@name": "Notification Contact Information",
                            "@type": "notificationContactInformation"
                        }
                    }],
                    "function": {}
                }
            ],
            "function": {}
        }],
        "footerContent": [{
            "ruleLimit": "1",
            "@name": "Footer Content Slot",
            "templateTypes": ["Layout"],
            "templateIds": [],
            "@type": "contentSlotLayout",
            "contentPaths": ["/content/Shared/Footer"]
        }]
    }
}