{
    "workflowNote": "",
    "ecr:lastModifiedBy": "admin",
    "ecr:lastModified": "2019-03-04T05:42:54.353Z",
    "contentType": "Page",
    "ecr:createDate": "2019-03-04T13:42:54.352+08:00",
    "ecr:type": "page",
    "contentItem": {
        "ruleLimit": "1",
        "@name": "Dynamic Page Slot",
        "templateTypes": ["Page"],
        "templateIds": [],
        "@type": "pageSlot",
        "contentPaths": ["/content/Web/Notification Summary Page/Notification Contacts Page"],
        "redirectGroup": ""
    }
}