{
    "workflowNote": "",
    "workflowState": "ACTIVE",
    "ecr:lastModifiedBy": "admin",
    "ecr:lastModified": "2019-03-05T02:54:16.391Z",
    "startTime": "",
    "endTime": "",
    "priority": 10,
    "ecr:createDate": "2019-03-05T10:54:16.391+08:00",
    "ecr:type": "content-item",
    "triggers": [{"exactLocation": false}],
    "contentItem": {
        "cssName": "exhibitMeasurement/style",
        "@name": "One Column Page",
        "metaKeywords": "",
        "@type": "oneColumnPage",
        "title": "FreemanOnline Events and Exhibit Solutions",
        "metaDescription": "",
        "redirectGroup": "",
        "jsName": "exhibitMeasurement/exhibitMeasurement",
        "headerContent": [{
            "ruleLimit": "1",
            "@name": "Header Content Slot",
            "templateTypes": ["Layout"],
            "templateIds": [],
            "@type": "contentSlotLayout",
            "contentPaths": ["/content/Shared/Header"]
        }],
        "slideOutContent": [{
            "ruleLimit": "1",
            "@name": "Slideout Content Slot",
            "templateTypes": ["Layout"],
            "templateIds": [],
            "@type": "contentSlotLayout",
            "contentPaths": ["/content/Shared/SlideOut"]
        }],
        "mainContent": [{
            "disableLayout": false,
            "@name": "HTML Tag",
            "@type": "htmlTag",
            "tagType": "div",
            "selfClose": false,
            "id": "",
            "class": "main_content browse-extend-background exhibit-measurement",
            "layout": [{
                "disableLayout": false,
                "@name": "HTML Tag",
                "@type": "htmlTag",
                "tagType": "div",
                "selfClose": false,
                "id": "",
                "class": "content-width exhibit-measurement em-confirmation",
                "layout": [
                    {
                        "disableLayout": false,
                        "@name": "HTML Tag",
                        "@type": "htmlTag",
                        "tagType": "div",
                        "selfClose": false,
                        "id": "",
                        "class": "em-menubar",
                        "layout": [
                            {
                                "layout": [],
                                "disableLayout": false,
                                "@name": "HTML Tag",
                                "@type": "htmlTag",
                                "tagType": "div",
                                "selfClose": false,
                                "id": "",
                                "class": "row hidden-xs",
                                "function": {
                                    "attributeId": "",
                                    "@name": "Configurable Breadcrumb",
                                    "attributeClass": "",
                                    "@type": "configurableBreadcrumb",
                                    "breadcrumbItems": [
                                        {
                                            "attributeId": "",
                                            "@name": "Home",
                                            "isDynamic": true,
                                            "attributeClass": "",
                                            "displayName": "Home",
                                            "@type": "breadcrumbItem",
                                            "url": "/user/my-dashboard.jsp"
                                        },
                                        {
                                            "attributeId": "",
                                            "@name": "Exhibit Measurement",
                                            "isDynamic": false,
                                            "attributeClass": "",
                                            "displayName": "Exhibit Measurement",
                                            "@type": "breadcrumbItem",
                                            "url": ""
                                        }
                                    ]
                                }
                            },
                            {
                                "layout": [],
                                "disableLayout": false,
                                "@name": "HTML Tag",
                                "@type": "htmlTag",
                                "tagType": "",
                                "selfClose": false,
                                "id": "",
                                "class": "",
                                "function": {
                                    "@name": "HTML Content",
                                    "@type": "htmlContent",
                                    "htmlContent": "<h1 class=\"page_title\">\n\n                                  Exhibit Measurement\n\n                                  <\/h1>"
                                }
                            }
                        ],
                        "function": {}
                    },
                    {
                        "layout": [],
                        "disableLayout": false,
                        "@name": "HTML Tag",
                        "@type": "htmlTag",
                        "tagType": "",
                        "selfClose": false,
                        "id": "",
                        "class": "",
                        "function": {
                            "@name": "Exhibit Measurement",
                            "@type": "exhibitMeasurement"
                        }
                    }
                ],
                "function": {}
            }],
            "function": {}
        }],
        "footerContent": [{
            "ruleLimit": "1",
            "@name": "Footer Content Slot",
            "templateTypes": ["Layout"],
            "templateIds": [],
            "@type": "contentSlotLayout",
            "contentPaths": ["/content/Shared/Footer"]
        }]
    }
}