{
    "@description": "${template.description}",
    "@group": "BreadcrumbItem",
    "ecr:createDate": "2019-09-23T17:09:22.172+08:00",
    "@thumbnailUrl": "thumbnail.png",
    "ecr:type": "template",
    "locales": {},
    "typeInfo": {
        "displayName": {"@propertyType": "String"},
        "url": {"@propertyType": "String"},
        "attributeClass": {"@propertyType": "String"},
        "attributeId": {"@propertyType": "String"},
        "isDynamic": {"@propertyType": "Boolean"}
    },
    "defaultContentItem": {
        "attributeId": "",
        "@name": "Breadcrumb Item",
        "attributeClass": "",
        "displayName": "",
        "url": ""
    },
    "editorPanel": {
        "editor": "editors/DefaultEditorPanel",
        "children": [
            {
                "editor": "GroupLabel",
                "label": "General Config"
            },
            {
                "editor": "editors/StringEditor",
                "propertyName": "displayName",
                "label": "${template.displayName.label}",
                "enabled": true
            },
            {
                "editor": "editors/StringEditor",
                "propertyName": "url",
                "label": "${template.url.label}",
                "enabled": true
            },
            {
                "editor": "editors/StringEditor",
                "propertyName": "attributeClass",
                "label": "${template.attributeClass.label}",
                "enabled": true
            },
            {
                "editor": "editors/StringEditor",
                "propertyName": "attributeId",
                "label": "${template.attributeId.label}",
                "enabled": true
            },
            {
                "editor": "editors/BooleanEditor",
                "propertyName": "isDynamic",
                "label": "${template.isDynamic.label}",
                "enabled": true
            }
        ]
    }
}