{
    "workflowNote": "",
    "workflowState": "ACTIVE",
    "ecr:lastModifiedBy": "admin",
    "ecr:lastModified": "2019-05-21T16:12:02.889+08:00",
    "startTime": "",
    "endTime": "",
    "priority": 10,
    "ecr:createDate": "2019-05-16T11:07:39.010+08:00",
    "ecr:type": "content-item",
    "triggers": [{"exactLocation": false}],
    "contentItem": {
        "cssName": "ces-content/style",
        "@name": "One Column Page",
        "metaKeywords": "",
        "@type": "oneColumnPage",
        "title": "FreemanOnline Events and Exhibit Solutions",
        "metaDescription": "",
        "redirectGroup": "",
        "jsName": "contractor/contractor",
        "headerContent": [{
            "ruleLimit": "1",
            "@name": "Main Content Slot",
            "templateTypes": ["Layout"],
            "templateIds": [],
            "@type": "contentSlotLayout",
            "contentPaths": ["/content/Shared/Header"]
        }],
        "slideOutContent": [{
            "ruleLimit": "1",
            "@name": "Main Content Slot",
            "templateTypes": ["Layout"],
            "templateIds": [],
            "@type": "contentSlotLayout",
            "contentPaths": ["/content/Shared/SlideOut"]
        }],
        "mainContent": [{
            "disableLayout": false,
            "@name": "HTML Tag",
            "@type": "htmlTag",
            "tagType": "div",
            "selfClose": false,
            "id": "",
            "class": "main_content browse-extend-background",
            "layout": [{
                "disableLayout": false,
                "@name": "HTML Tag",
                "@type": "htmlTag",
                "tagType": "div",
                "selfClose": false,
                "id": "",
                "class": "content-width content-area-background content-template",
                "layout": [
                    {
                        "disableLayout": false,
                        "@name": "HTML Tag",
                        "@type": "htmlTag",
                        "tagType": "div",
                        "selfClose": false,
                        "id": "",
                        "class": "template-header",
                        "layout": [
                            {
                                "layout": [],
                                "disableLayout": false,
                                "@name": "HTML Tag",
                                "@type": "htmlTag",
                                "tagType": "div",
                                "selfClose": false,
                                "id": "",
                                "class": "hidden-xs",
                                "function": {
                                    "attributeId": "",
                                    "@name": "Configurable Breadcrumb",
                                    "attributeClass": "",
                                    "@type": "configurableBreadcrumb",
                                    "breadcrumbItems": [
                                        {
                                            "attributeId": "",
                                            "@name": "Home",
                                            "isDynamic": true,
                                            "attributeClass": "",
                                            "displayName": "Home",
                                            "@type": "breadcrumbItem",
                                            "url": "/user/my-dashboard..jsp"
                                        },
                                        {
                                            "attributeId": "",
                                            "@name": "Products & Services",
                                            "isDynamic": true,
                                            "attributeClass": "",
                                            "displayName": "Products & Services",
                                            "@type": "breadcrumbItem",
                                            "url": "/products-services"
                                        },
                                        {
                                            "attributeId": "",
                                            "@name": "Vendor Title",
                                            "isDynamic": false,
                                            "attributeClass": "",
                                            "displayName": "{contractorTitle}",
                                            "@type": "breadcrumbItem",
                                            "url": ""
                                        }
                                    ]
                                }
                            },
                            {
                                "layout": [],
                                "disableLayout": false,
                                "@name": "HTML Tag",
                                "@type": "htmlTag",
                                "tagType": "",
                                "selfClose": false,
                                "id": "",
                                "class": "",
                                "function": {
                                    "@name": "Contractor Vendor Title",
                                    "@type": "contractorVendorTitle"
                                }
                            }
                        ],
                        "function": {}
                    },
                    {
                        "layout": [],
                        "disableLayout": false,
                        "@name": "HTML Tag",
                        "@type": "htmlTag",
                        "tagType": "div",
                        "selfClose": false,
                        "id": "",
                        "class": "template-content",
                        "function": {
                            "@name": "Template CES-C Contractor",
                            "@type": "contractorTemplateCesc"
                        }
                    }
                ],
                "function": {}
            }],
            "function": {}
        }],
        "footerContent": [{
            "ruleLimit": "1",
            "@name": "Main Content Slot",
            "templateTypes": ["Layout"],
            "templateIds": [],
            "@type": "contentSlotLayout",
            "contentPaths": ["/content/Shared/Footer"]
        }]
    }
}