{
    "@description": "${template.description}",
    "@group": "Function",
    "ecr:createDate": "2019-09-23T17:09:22.499+08:00",
    "@thumbnailUrl": "thumbnail.png",
    "ecr:type": "template",
    "locales": {},
    "typeInfo": {"navigation": {
        "@propertyType": "ContentItemList",
        "@group": "Navigation"
    }},
    "defaultContentItem": {
        "@name": "Navigation Container",
        "navigation": []
    },
    "editorPanel": {
        "editor": "editors/DefaultEditorPanel",
        "children": [{
            "editor": "editors/GuidedNavigationEditor",
            "propertyName": "navigation",
            "contentItemMapping": {
                "Property": [
                    {
                        "dimensionProperty": "endeca:name",
                        "name": "dimensionName"
                    },
                    {
                        "dimensionProperty": "endeca:identifier",
                        "name": "dimensionId"
                    }
                ],
                "Name": [
                    {"dimensionProperty": "display_name"},
                    {"dimensionProperty": "endeca:name"}
                ]
            }
        }]
    }
}