{
    "workflowNote": "",
    "ecr:lastModifiedBy": "admin",
    "ecr:lastModified": "2019-06-25T01:51:41.999Z",
    "contentType": "Page",
    "ecr:createDate": "2019-06-25T09:51:41.999+08:00",
    "ecr:type": "page",
    "contentItem": {
        "ruleLimit": "1",
        "@name": "Dynamic Page Slot",
        "templateTypes": ["Page"],
        "templateIds": [],
        "@type": "pageSlot",
        "contentPaths": ["/content/Web/Show/CES/Venue-Selection"],
        "redirectGroup": ""
    }
}