{
    "@description": "${template.description}",
    "@group": "Function",
    "ecr:createDate": "2019-09-23T17:09:22.197+08:00",
    "@thumbnailUrl": "",
    "ecr:type": "template",
    "locales": {},
    "typeInfo": {"middleAdBanner": {
        "@propertyType": "ContentItem",
        "@group": "Function"
    }},
    "defaultContentItem": {
        "@name": "Cart Items",
        "middleAdBanner": {}
    },
    "editorPanel": {
        "editor": "editors/DefaultEditorPanel",
        "children": []
    }
}