{
    "workflowNote": "",
    "workflowState": "ACTIVE",
    "ecr:lastModifiedBy": "admin",
    "ecr:lastModified": "2019-03-01T10:22:51.277Z",
    "startTime": "",
    "endTime": "",
    "priority": 10,
    "ecr:createDate": "2019-03-01T18:22:51.277+08:00",
    "ecr:type": "content-item",
    "triggers": [{"exactLocation": false}],
    "contentItem": {
        "disableLayout": false,
        "@name": "HTML Tag",
        "@type": "htmlTag",
        "tagType": "div",
        "selfClose": false,
        "id": "",
        "class": "main_content browse-extend-background",
        "layout": [{
            "disableLayout": false,
            "@name": "HTML Tag",
            "@type": "htmlTag",
            "tagType": "div",
            "selfClose": false,
            "id": "",
            "class": "content-width content-area-background orders-and-invoices",
            "layout": [
                {
                    "layout": [],
                    "disableLayout": false,
                    "@name": "HTML Tag",
                    "@type": "htmlTag",
                    "tagType": "div",
                    "selfClose": false,
                    "id": "",
                    "class": "row hidden-xs",
                    "function": {
                        "attributeId": "",
                        "@name": "Configurable Breadcrumb",
                        "attributeClass": "",
                        "@type": "configurableBreadcrumb",
                        "breadcrumbItems": [
                            {
                                "attributeId": "",
                                "@name": "Home",
                                "isDynamic": true,
                                "attributeClass": "",
                                "displayName": "Home",
                                "@type": "breadcrumbItem",
                                "url": "/user/"
                            },
                            {
                                "attributeId": "",
                                "@name": "Orders and Invoices",
                                "isDynamic": false,
                                "attributeClass": "",
                                "displayName": "Orders and Invoices",
                                "@type": "breadcrumbItem",
                                "url": ""
                            }
                        ]
                    }
                },
                {
                    "layout": [],
                    "disableLayout": false,
                    "@name": "HTML Tag",
                    "@type": "htmlTag",
                    "tagType": "",
                    "selfClose": false,
                    "id": "",
                    "class": "",
                    "function": {
                        "@name": "HTML Content",
                        "@type": "htmlContent",
                        "htmlContent": "<div class=\"title\">\n\n\n\n                      <h1>\n\n\n\n                      Your Orders and Invoices\n\n\n\n                      <\/h1>\n\n\n\n                      <\/div>"
                    }
                },
                {
                    "layout": [],
                    "disableLayout": false,
                    "@name": "HTML Tag",
                    "@type": "htmlTag",
                    "tagType": "",
                    "selfClose": false,
                    "id": "",
                    "class": "",
                    "function": {
                        "@name": "Orders And Invoices",
                        "@type": "ordersAndInvoices"
                    }
                },
                {
                    "disableLayout": false,
                    "@name": "HTML Tag",
                    "@type": "htmlTag",
                    "tagType": "div",
                    "selfClose": false,
                    "id": "",
                    "class": "",
                    "layout": [{
                        "ruleLimit": "1",
                        "@name": "Main Content Slot",
                        "templateTypes": ["Layout"],
                        "templateIds": [],
                        "@type": "contentSlotLayout",
                        "contentPaths": ["/content/Shared/Orders And Invoices Banner"]
                    }],
                    "function": {}
                }
            ],
            "function": {}
        }],
        "function": {}
    }
}