{
    "workflowNote": "",
    "workflowState": "ACTIVE",
    "ecr:lastModifiedBy": "admin",
    "ecr:lastModified": "2018-12-26T07:06:51.477Z",
    "startTime": "",
    "endTime": "",
    "priority": 10,
    "ecr:createDate": "2018-12-26T15:06:51.477+08:00",
    "ecr:type": "content-item",
    "triggers": [{"exactLocation": false}],
    "contentItem": {
        "cssName": "showHome/show-home",
        "@name": "Show Landing",
        "metaKeywords": "",
        "@type": "oneColumnPage",
        "title": "FreemanOnline Events and Exhibit Solutions",
        "metaDescription": "",
        "redirectGroup": "",
        "jsName": "show/showHome",
        "headerContent": [{
            "ruleLimit": "1",
            "@name": "Main Content Slot",
            "templateTypes": ["Layout"],
            "templateIds": [],
            "@type": "contentSlotLayout",
            "contentPaths": ["/content/Shared/Header"]
        }],
        "slideOutContent": [{
            "ruleLimit": "1",
            "@name": "SlideOut Content Slot",
            "templateTypes": ["Layout"],
            "templateIds": [],
            "@type": "contentSlotLayout",
            "contentPaths": ["/content/Shared/SlideOut"]
        }],
        "mainContent": [{
            "disableLayout": false,
            "@name": "HTML Tag",
            "@type": "htmlTag",
            "tagType": "div",
            "selfClose": false,
            "id": "",
            "class": "main_content menu_bar category-body clearfix browse-extend-background",
            "layout": [{
                "disableLayout": false,
                "@name": "HTML Tag",
                "@type": "htmlTag",
                "tagType": "div",
                "selfClose": false,
                "id": "",
                "class": "content-width content-area-background content-area-background-show-home clearfix",
                "layout": [
                    {
                        "layout": [],
                        "disableLayout": false,
                        "@name": "Show Welcome Message",
                        "@type": "htmlTag",
                        "tagType": "",
                        "selfClose": false,
                        "id": "",
                        "class": "",
                        "function": {
                            "@name": "Show Welcome Message",
                            "@type": "showWelcomeMessage"
                        }
                    },
                    {
                        "layout": [],
                        "disableLayout": false,
                        "@name": "Show Time line",
                        "@type": "htmlTag",
                        "tagType": "",
                        "selfClose": false,
                        "id": "",
                        "class": "",
                        "function": {
                            "@name": "Show Time line",
                            "@type": "showTimeline"
                        }
                    },
                    {
                        "layout": [],
                        "disableLayout": false,
                        "@name": "Show Related Tiles",
                        "@type": "htmlTag",
                        "tagType": "",
                        "selfClose": false,
                        "id": "",
                        "class": "",
                        "function": {
                            "@name": "Show Related Tiles",
                            "@type": "showRelatedTiles"
                        }
                    },
                    {
                        "layout": [],
                        "disableLayout": false,
                        "@name": "Personalized Content",
                        "@type": "htmlTag",
                        "tagType": "",
                        "selfClose": false,
                        "id": "",
                        "class": "",
                        "function": {
                            "@name": "Personalization Banner",
                            "@type": "personalizationBanner",
                            "targeter": "/atg/registry/RepositoryTargeters/ShowLandingMiddle",
                            "maxNum": "1",
                            "containerLocation": "Landing-Middle",
                            "displayPage": "View Show Information",
                            "creative": "Show Home/Landing"
                        }
                    },
                    {
                        "disableLayout": false,
                        "@name": "HTML Tag",
                        "@type": "htmlTag",
                        "tagType": "div",
                        "selfClose": false,
                        "id": "",
                        "class": "show-information-and-message background-light-grey clearfix",
                        "layout": [
                            {
                                "layout": [],
                                "disableLayout": false,
                                "@name": "Show Information",
                                "@type": "htmlTag",
                                "tagType": "",
                                "selfClose": false,
                                "id": "",
                                "class": "",
                                "function": {
                                    "@name": "Show Information",
                                    "@type": "showInformation"
                                }
                            },
                            {
                                "layout": [],
                                "disableLayout": false,
                                "@name": "Show Admin Message",
                                "@type": "htmlTag",
                                "tagType": "",
                                "selfClose": false,
                                "id": "",
                                "class": "",
                                "function": {
                                    "@name": "Show Admin Message",
                                    "@type": "showAdminMessage"
                                }
                            }
                        ],
                        "function": {}
                    },
                    {
                        "layout": [],
                        "disableLayout": false,
                        "@name": "Show CES Venue Tiles",
                        "@type": "htmlTag",
                        "tagType": "",
                        "selfClose": false,
                        "id": "",
                        "class": "",
                        "function": {
                            "@name": "Show CES Venue Tiles",
                            "@type": "showCESVenueTiles"
                        }
                    },
                    {
                        "layout": [],
                        "disableLayout": false,
                        "@name": "Show Suggested Products",
                        "@type": "htmlTag",
                        "tagType": "",
                        "selfClose": false,
                        "id": "",
                        "class": "",
                        "function": {
                            "@name": "Show Suggested Products",
                            "@type": "showSuggestedProducts"
                        }
                    },
                    {
                        "layout": [],
                        "disableLayout": false,
                        "@name": "Personalized Content",
                        "@type": "htmlTag",
                        "tagType": "",
                        "selfClose": false,
                        "id": "",
                        "class": "",
                        "function": {
                            "@name": "Personalization Banner",
                            "@type": "personalizationBanner",
                            "targeter": "/atg/registry/RepositoryTargeters/ShowLandingPageBottom",
                            "maxNum": "1",
                            "containerLocation": "Landing-Bottom",
                            "displayPage": "View Show Information",
                            "creative": "Show Home/Landing"
                        }
                    }
                ],
                "function": {}
            }],
            "function": {}
        }],
        "footerContent": [{
            "ruleLimit": "1",
            "@name": "Footer Content Slot",
            "templateTypes": ["Layout"],
            "templateIds": [],
            "@type": "contentSlotLayout",
            "contentPaths": ["/content/Shared/Footer"]
        }]
    }
}