{
    "workflowNote": "",
    "workflowState": "ACTIVE",
    "ecr:lastModifiedBy": "admin",
    "ecr:lastModified": "2017-02-10T03:54:25.591Z",
    "startTime": "",
    "endTime": "",
    "priority": 10,
    "ecr:createDate": "2017-02-10T11:54:25.591+08:00",
    "ecr:type": "content-item",
    "triggers": [{"exactLocation": false}],
    "contentItem": {
        "disableLayout": false,
        "@name": "HTML Tag",
        "@type": "htmlTag",
        "tagType": "",
        "selfClose": false,
        "id": "",
        "class": "",
        "layout": [
            {
                "layout": [],
                "disableLayout": false,
                "@name": "Header",
                "@type": "htmlTag",
                "tagType": "",
                "selfClose": false,
                "id": "",
                "class": "",
                "function": {
                    "@name": "Common Header",
                    "@type": "header"
                }
            },
            {
                "layout": [],
                "disableLayout": false,
                "@name": "Banner",
                "@type": "htmlTag",
                "tagType": "",
                "selfClose": false,
                "id": "",
                "class": "",
                "function": {
                    "@name": "Banner",
                    "@type": "banner"
                }
            }
        ],
        "function": {}
    }
}