{
    "workflowNote": "",
    "workflowState": "ACTIVE",
    "ecr:lastModifiedBy": "admin",
    "ecr:lastModified": "2018-08-03T15:01:23.212+08:00",
    "startTime": "",
    "endTime": "",
    "priority": 10,
    "ecr:createDate": "2018-08-03T12:50:23.073+08:00",
    "ecr:type": "content-item",
    "triggers": [{"exactLocation": false}],
    "contentItem": {
        "layout": [],
        "disableLayout": false,
        "@name": "HTML Tag",
        "@type": "htmlTag",
        "tagType": "",
        "selfClose": false,
        "id": "",
        "class": "",
        "function": {
            "@name": "HTML Content",
            "@type": "htmlContent",
            "htmlContent": "<div class=\"col-lg-12 col-md-12 col-sm-12 col-xs-12 title\"> <h3>@mhaTitle@<\/h3> <\/div>"
        }
    }
}