{
    "workflowNote": "",
    "forceExpansion": "true",
    "workflowState": "ACTIVE",
    "ecr:lastModifiedBy": "admin",
    "ecr:lastModified": "2018-06-28T04:27:28.626Z",
    "startTime": "",
    "endTime": "",
    "priority": 100,
    "ecr:createDate": "2017-10-23T17:56:56.462+08:00",
    "ecr:type": "content-item",
    "triggers": [{"exactLocation": false}],
    "contentItem": {
        "layout": [],
        "disableLayout": false,
        "@name": "Results List",
        "@type": "htmlTag",
        "tagType": "",
        "selfClose": false,
        "id": "",
        "class": "",
        "function": {
            "enableBestMatch": true,
            "@name": "Results List",
            "@type": "resultsList",
            "relRankStrategy": "static(TagRank,ascending),nterms,maxfield,glom,exact,phrase,static(OpenDate,ascending)",
            "recordsPerPage": "12",
            "boostStrata": [
                {
                    "@class": "com.endeca.infront.navigation.model.CollectionFilter",
                    "innerFilter": {
                        "@class": "com.endeca.infront.navigation.model.PropertyFilter",
                        "name": "ProductId",
                        "value": "shippingServices03"
                    }
                },
                {
                    "@class": "com.endeca.infront.navigation.model.CollectionFilter",
                    "innerFilter": {
                        "@class": "com.endeca.infront.navigation.model.PropertyFilter",
                        "name": "ProductId",
                        "value": "materialHandlingPackages02"
                    }
                },
                {
                    "@class": "com.endeca.infront.navigation.model.CollectionFilter",
                    "innerFilter": {
                        "@class": "com.endeca.infront.navigation.model.PropertyFilter",
                        "name": "ProductId",
                        "value": "outlets60"
                    }
                },
                {
                    "@class": "com.endeca.infront.navigation.model.CollectionFilter",
                    "innerFilter": {
                        "@class": "com.endeca.infront.navigation.model.PropertyFilter",
                        "name": "ProductId",
                        "value": "labor40"
                    }
                }
            ],
            "buryStrata": [{
                "@class": "com.endeca.infront.navigation.model.CollectionFilter",
                "innerFilter": {
                    "@class": "com.endeca.infront.navigation.model.AndFilter",
                    "operands": [{
                        "@class": "com.endeca.infront.navigation.model.DimensionFilter",
                        "dvalId": "22",
                        "dimensionName": "Category"
                    }]
                }
            }],
            "sortOption": {
                "@class": "com.endeca.infront.navigation.model.SortOption",
                "label": "Best Match",
                "sorts": [{
                    "@class": "com.endeca.infront.navigation.model.SortSpec",
                    "key": "bm",
                    "descending": "true"
                }]
            },
            "excludedProductIds": {
                "@class": "com.endeca.infront.cartridge.RecordSpotlightSelection",
                "filterState": {
                    "@class": "com.endeca.infront.navigation.model.FilterState",
                    "featuredRecords": [
                        "54094000",
                        "54093000",
                        "54092000",
                        "54091000"
                    ]
                }
            },
            "middleAdBanner": {
                "@name": "Personalization Banner",
                "@type": "personalizationBanner",
                "targeter": "/atg/registry/RepositoryTargeters/SearchMiddle",
                "maxNum": "1",
                "containerLocation": "search-middle",
                "displayPage": "",
                "creative": "Search Result"
            }
        }
    }
}