{
    "@description": "${template.description}",
    "@group": "Function",
    "ecr:createDate": "2019-09-23T17:09:22.629+08:00",
    "@thumbnailUrl": "thumbnail.png",
    "ecr:type": "template",
    "locales": {},
    "typeInfo": {"barItem": {"@propertyType": "String"}},
    "defaultContentItem": {
        "@name": "MHA ProgressBar",
        "barItem": ""
    },
    "editorPanel": {
        "editor": "editors/DefaultEditorPanel",
        "children": [{
            "editor": "editors/ChoiceEditor",
            "propertyName": "barItem",
            "label": "Progress Bar Item",
            "choice": [
                {
                    "label": "Shipping Information",
                    "value": "shippingInformationPage"
                },
                {
                    "label": "Delivery Details",
                    "value": "deliveryDetailsPage"
                },
                {
                    "label": "Confirmation",
                    "value": "confirmationPage"
                }
            ]
        }]
    }
}