{
    "workflowNote": "",
    "userSegments": ["ViewContractorOrders"],
    "workflowState": "ACTIVE",
    "ecr:lastModifiedBy": "admin",
    "ecr:lastModified": "2019-02-27T08:26:40.341Z",
    "startTime": "",
    "endTime": "",
    "priority": 30,
    "ecr:createDate": "2019-02-27T16:26:40.341+08:00",
    "ecr:type": "content-item",
    "triggers": [{"exactLocation": false}],
    "contentItem": {
        "layout": [],
        "disableLayout": false,
        "@name": "HTML Tag",
        "@type": "htmlTag",
        "tagType": "",
        "selfClose": false,
        "id": "",
        "class": "",
        "function": {
            "@name": "Personalization Banner",
            "@type": "personalizationBanner",
            "targeter": "",
            "maxNum": "1",
            "containerLocation": "viewcontractororders-bottom",
            "displayPage": "",
            "creative": "View Contractor Orders"
        }
    }
}