{
    "workflowNote": "",
    "workflowState": "ACTIVE",
    "ecr:lastModifiedBy": "admin",
    "ecr:lastModified": "2019-11-15T02:14:18.018Z",
    "startTime": "",
    "endTime": "",
    "priority": 10,
    "ecr:createDate": "2019-11-15T10:14:18.018+08:00",
    "ecr:type": "content-item",
    "triggers": [{"exactLocation": false}],
    "contentItem": {
        "cssName": "faqs/style",
        "@name": "Category Page",
        "metaKeywords": "",
        "@type": "oneColumnPage",
        "title": "FreemanOnline Events and Exhibit Solutions",
        "metaDescription": "",
        "redirectGroup": "",
        "jsName": "faqs/faqs",
        "headerContent": [{
            "ruleLimit": "1",
            "@name": "Header Content Slot",
            "templateTypes": ["Layout"],
            "templateIds": [],
            "@type": "contentSlotLayout",
            "contentPaths": ["/content/Shared/Header Without Banner"]
        }],
        "slideOutContent": [{
            "ruleLimit": "1",
            "@name": "Slideout Content Slot",
            "templateTypes": ["Layout"],
            "templateIds": [],
            "@type": "contentSlotLayout",
            "contentPaths": ["/content/Shared/SlideOut"]
        }],
        "mainContent": [{
            "layout": [],
            "disableLayout": false,
            "@name": "HTML Tag",
            "@type": "htmlTag",
            "tagType": "",
            "selfClose": false,
            "id": "",
            "class": "",
            "function": {
                "@name": "Material Handling Faq",
                "@type": "materialHandlingFaq"
            }
        }],
        "footerContent": [{
            "ruleLimit": "1",
            "@name": "Footer Content Slot",
            "templateTypes": ["Layout"],
            "templateIds": [],
            "@type": "contentSlotLayout",
            "contentPaths": ["/content/Shared/Footer"]
        }]
    }
}