{
    "workflowNote": "",
    "userSegments": ["MobileUser"],
    "workflowState": "ACTIVE",
    "ecr:lastModifiedBy": "admin",
    "ecr:lastModified": "2019-06-27T16:20:48.081Z",
    "startTime": "",
    "endTime": "",
    "priority": 20,
    "ecr:createDate": "2017-12-18T14:33:23.128+08:00",
    "ecr:type": "content-item",
    "triggers": [{"exactLocation": false}],
    "contentItem": {
        "cssName": "search/style",
        "@name": "One Column Page",
        "metaKeywords": "",
        "@type": "oneColumnPage",
        "title": "FreemanOnline Events and Exhibit Solutions",
        "metaDescription": "",
        "redirectGroup": "",
        "jsName": "search/search",
        "headerContent": [{
            "ruleLimit": "1",
            "@name": "Main Content Slot",
            "templateTypes": ["Layout"],
            "templateIds": [],
            "@type": "contentSlotLayout",
            "contentPaths": ["/content/Shared/Header"]
        }],
        "slideOutContent": [{
            "ruleLimit": "1",
            "@name": "SlideOut Content Slot",
            "templateTypes": ["Layout"],
            "templateIds": [],
            "@type": "contentSlotLayout",
            "contentPaths": ["/content/Shared/SlideOut"]
        }],
        "mainContent": [{
            "disableLayout": false,
            "@name": "HTML Tag",
            "@type": "htmlTag",
            "tagType": "div",
            "selfClose": false,
            "id": "",
            "class": "main_content menu_bar",
            "layout": [
                {
                    "disableLayout": false,
                    "@name": "HTML Tag",
                    "@type": "htmlTag",
                    "tagType": "div",
                    "selfClose": false,
                    "id": "",
                    "class": "content-width search-body",
                    "layout": [
                        {
                            "layout": [],
                            "disableLayout": false,
                            "@name": "HTML Tag",
                            "@type": "htmlTag",
                            "tagType": "div",
                            "selfClose": false,
                            "id": "",
                            "class": "mobile-breadcrumb",
                            "function": {
                                "@name": "Category Breadcrumb",
                                "@type": "categoryBreadcrumb"
                            }
                        },
                        {
                            "layout": [],
                            "disableLayout": false,
                            "@name": "Mobile Category Title",
                            "@type": "htmlTag",
                            "tagType": "",
                            "selfClose": false,
                            "id": "",
                            "class": "",
                            "function": {
                                "@name": "Mobile Category Title",
                                "@type": "mobileCategoryTitle",
                                "customizedTitle": ""
                            }
                        },
                        {
                            "layout": [],
                            "disableLayout": false,
                            "@name": "Mobile Filters Apply",
                            "@type": "htmlTag",
                            "tagType": "",
                            "selfClose": false,
                            "id": "",
                            "class": "",
                            "function": {
                                "@name": "Mobile Filters Apply",
                                "@type": "mobileFiltersApply",
                                "customizedTitle": ""
                            }
                        },
                        {
                            "disableLayout": false,
                            "@name": "Left",
                            "@type": "htmlTag",
                            "tagType": "div",
                            "selfClose": false,
                            "id": "",
                            "class": "col-xs-12 col-sm-3 col-md-2 search-navgation js-select-navigation",
                            "layout": [{
                                "ruleLimit": "1",
                                "@name": "Navigation",
                                "templateTypes": ["Layout"],
                                "templateIds": [],
                                "@type": "contentSlotLayout",
                                "contentPaths": ["/content/Shared/Guided Navigation"]
                            }],
                            "function": {}
                        },
                        {
                            "disableLayout": false,
                            "@name": "Right",
                            "@type": "htmlTag",
                            "tagType": "div",
                            "selfClose": false,
                            "id": "",
                            "class": "col-xs-12 col-sm-9 col-md-10 search-results js-select-search-results",
                            "layout": [{
                                "disableLayout": false,
                                "@name": "HTML Tag",
                                "@type": "htmlTag",
                                "tagType": "div",
                                "selfClose": false,
                                "id": "",
                                "class": "row",
                                "layout": [
                                    {
                                        "layout": [],
                                        "disableLayout": false,
                                        "@name": "Breadbox",
                                        "@type": "htmlTag",
                                        "tagType": "",
                                        "selfClose": false,
                                        "id": "",
                                        "class": "",
                                        "function": {
                                            "@name": "Breadbox",
                                            "@type": "breadbox"
                                        }
                                    },
                                    {
                                        "layout": [],
                                        "disableLayout": false,
                                        "@name": "PLP Information",
                                        "@type": "htmlTag",
                                        "tagType": "",
                                        "selfClose": false,
                                        "id": "",
                                        "class": "",
                                        "function": {
                                            "@name": "PLP Information",
                                            "@type": "plpInformation"
                                        }
                                    },
                                    {
                                        "ruleLimit": "1",
                                        "@name": "Results List",
                                        "templateTypes": ["Layout"],
                                        "templateIds": [],
                                        "@type": "contentSlotLayout",
                                        "contentPaths": ["/content/Shared/PLP Results List"]
                                    },
                                    {
                                        "layout": [],
                                        "disableLayout": false,
                                        "@name": "Compare Tray",
                                        "@type": "htmlTag",
                                        "tagType": "",
                                        "selfClose": false,
                                        "id": "",
                                        "class": "",
                                        "function": {
                                            "@name": "Compare Tray",
                                            "@type": "compareTray"
                                        }
                                    },
                                    {
                                        "layout": [],
                                        "disableLayout": false,
                                        "@name": "PLP Footer Information",
                                        "@type": "htmlTag",
                                        "tagType": "",
                                        "selfClose": false,
                                        "id": "",
                                        "class": "",
                                        "function": {
                                            "@name": "PLP Footer Information",
                                            "@type": "plpInfoFooter"
                                        }
                                    }
                                ],
                                "function": {}
                            }],
                            "function": {}
                        }
                    ],
                    "function": {}
                },
                {
                    "layout": [],
                    "disableLayout": false,
                    "@name": "Freeman Popup",
                    "@type": "htmlTag",
                    "tagType": "",
                    "selfClose": false,
                    "id": "",
                    "class": "",
                    "function": {
                        "@name": "Freeman Popup",
                        "@type": "freemanPopup"
                    }
                }
            ],
            "function": {}
        }],
        "footerContent": [{
            "ruleLimit": "1",
            "@name": "Footer Content Slot",
            "templateTypes": ["Layout"],
            "templateIds": [],
            "@type": "contentSlotLayout",
            "contentPaths": ["/content/Shared/Footer"]
        }]
    }
}