{
    "workflowNote": "",
    "workflowState": "ACTIVE",
    "ecr:lastModifiedBy": "admin",
    "ecr:lastModified": "2019-02-18T03:13:25.602Z",
    "startTime": "",
    "endTime": "",
    "priority": 10,
    "ecr:createDate": "2019-02-18T11:13:25.601+08:00",
    "ecr:type": "content-item",
    "triggers": [{"exactLocation": false}],
    "contentItem": {
        "cssName": "showMoveOut/style",
        "@name": "One Column Page",
        "metaKeywords": "",
        "@type": "oneColumnPage",
        "title": "FreemanOnline Events and Exhibit Solutions",
        "metaDescription": "",
        "redirectGroup": "",
        "jsName": "showMoveOut/showMoveOut",
        "headerContent": [{
            "ruleLimit": "1",
            "@name": "Header Content Slot",
            "templateTypes": ["Layout"],
            "templateIds": [],
            "@type": "contentSlotLayout",
            "contentPaths": ["/content/Shared/Header"]
        }],
        "slideOutContent": [{
            "ruleLimit": "1",
            "@name": "Slideout Content Slot",
            "templateTypes": ["Layout"],
            "templateIds": [],
            "@type": "contentSlotLayout",
            "contentPaths": ["/content/Shared/SlideOut"]
        }],
        "mainContent": [{
            "disableLayout": false,
            "@name": "HTML Tag",
            "@type": "htmlTag",
            "tagType": "div",
            "selfClose": false,
            "id": "",
            "class": "main_content browse-extend-background show-move-out",
            "layout": [
                {
                    "disableLayout": false,
                    "@name": "HTML Tag",
                    "@type": "htmlTag",
                    "tagType": "div",
                    "selfClose": false,
                    "id": "",
                    "class": "content-width smo-menubar",
                    "layout": [
                        {
                            "layout": [],
                            "disableLayout": false,
                            "@name": "HTML Tag",
                            "@type": "htmlTag",
                            "tagType": "div",
                            "selfClose": false,
                            "id": "",
                            "class": "row hidden-xs",
                            "function": {
                                "attributeId": "",
                                "@name": "Configurable Breadcrumb",
                                "attributeClass": "",
                                "@type": "configurableBreadcrumb",
                                "breadcrumbItems": [
                                    {
                                        "attributeId": "",
                                        "@name": "Home",
                                        "isDynamic": true,
                                        "attributeClass": "",
                                        "displayName": "Home",
                                        "@type": "breadcrumbItem",
                                        "url": "/user/my-dashbord.jsp"
                                    },
                                    {
                                        "attributeId": "",
                                        "@name": "Show Move-Out",
                                        "isDynamic": false,
                                        "attributeClass": "",
                                        "displayName": "Show Move-Out",
                                        "@type": "breadcrumbItem",
                                        "url": ""
                                    }
                                ]
                            }
                        },
                        {
                            "layout": [],
                            "disableLayout": false,
                            "@name": "HTML Tag",
                            "@type": "htmlTag",
                            "tagType": "",
                            "selfClose": false,
                            "id": "",
                            "class": "",
                            "function": {
                                "@name": "Move Out Title",
                                "@type": "moveOutTitle",
                                "htmlContent": ""
                            }
                        }
                    ],
                    "function": {}
                },
                {
                    "disableLayout": false,
                    "@name": "HTML Tag",
                    "@type": "htmlTag",
                    "tagType": "div",
                    "selfClose": false,
                    "id": "",
                    "class": "content-width smo-main_content",
                    "layout": [
                        {
                            "layout": [],
                            "disableLayout": false,
                            "@name": "HTML Tag",
                            "@type": "htmlTag",
                            "tagType": "",
                            "selfClose": false,
                            "id": "",
                            "class": "",
                            "function": {
                                "@name": "Show Move-Out Landing",
                                "@type": "showMoveOutLanding"
                            }
                        },
                        {
                            "layout": [],
                            "disableLayout": false,
                            "@name": "HTML Tag",
                            "@type": "htmlTag",
                            "tagType": "",
                            "selfClose": false,
                            "id": "",
                            "class": "",
                            "function": {
                                "@name": "Personalization Banner",
                                "@type": "personalizationBanner",
                                "targeter": "",
                                "maxNum": "1",
                                "containerLocation": "showmoveoutlanding-bottom",
                                "displayPage": "",
                                "creative": "Show-MoveOut Landing"
                            }
                        }
                    ],
                    "function": {}
                }
            ],
            "function": {}
        }],
        "footerContent": [{
            "ruleLimit": "1",
            "@name": "Footer Content Slot",
            "templateTypes": ["Layout"],
            "templateIds": [],
            "@type": "contentSlotLayout",
            "contentPaths": ["/content/Shared/Footer"]
        }]
    }
}