{
    "@description": "${template.description}",
    "@group": "Layout",
    "ecr:createDate": "2019-09-23T17:09:22.525+08:00",
    "@thumbnailUrl": "thumbnail.png",
    "ecr:type": "template",
    "locales": {},
    "typeInfo": {
        "disableLayout": {"@propertyType": "Boolean"},
        "tagType": {"@propertyType": "String"},
        "id": {"@propertyType": "String"},
        "class": {"@propertyType": "String"},
        "selfClose": {"@propertyType": "Boolean"},
        "layout": {
            "@propertyType": "ContentItemList",
            "@group": "Layout"
        },
        "function": {
            "@propertyType": "ContentItem",
            "@group": "Function"
        }
    },
    "defaultContentItem": {
        "layout": [],
        "disableLayout": false,
        "@name": "HTML Tag",
        "tagType": "div",
        "selfClose": false,
        "id": "",
        "class": "",
        "function": {}
    },
    "editorPanel": {
        "editor": "editors/DefaultEditorPanel",
        "children": [
            {
                "editor": "GroupLabel",
                "label": "General Config"
            },
            {
                "editor": "editors/BooleanEditor",
                "propertyName": "disableLayout",
                "label": "${template.disableLayout.label}"
            },
            {
                "editor": "editors/StringEditor",
                "propertyName": "tagType",
                "width": 70,
                "label": "${template.tagType.label}",
                "enabled": true
            },
            {
                "editor": "editors/BooleanEditor",
                "propertyName": "selfClose",
                "label": "${template.selfClose.label}"
            },
            {
                "editor": "editors/StringEditor",
                "propertyName": "class",
                "label": "${template.class.label}",
                "enabled": true
            },
            {
                "editor": "editors/StringEditor",
                "propertyName": "id",
                "label": "${template.id.label}",
                "enabled": true
            }
        ]
    }
}