{
    "@description": "${template.description}",
    "@group": "Function",
    "ecr:createDate": "2019-09-23T17:09:22.517+08:00",
    "@thumbnailUrl": "thumbnail.png",
    "ecr:type": "template",
    "locales": {},
    "typeInfo": {"htmlContent": {"@propertyType": "String"}},
    "defaultContentItem": {
        "@name": "HTML Content",
        "htmlContent": ""
    },
    "editorPanel": {
        "editor": "editors/DefaultEditorPanel",
        "children": [
            {
                "editor": "GroupLabel",
                "label": "General Config"
            },
            {
                "editor": "editors/StringEditor",
                "propertyName": "htmlContent",
                "label": "${template.content.label}",
                "enabled": true,
                "height": 70
            }
        ]
    }
}