{
    "workflowNote": "",
    "workflowState": "ACTIVE",
    "ecr:lastModifiedBy": "admin",
    "ecr:lastModified": "2018-11-28T11:22:25.608+08:00",
    "startTime": "",
    "endTime": "",
    "priority": 10,
    "ecr:createDate": "2018-08-03T13:23:32.810+08:00",
    "ecr:type": "content-item",
    "triggers": [{"exactLocation": false}],
    "contentItem": {
        "cssName": "mha-delivery-detail/style",
        "@name": "One Column Page",
        "metaKeywords": "",
        "@type": "oneColumnPage",
        "title": "FreemanOnline Events and Exhibit Solutions",
        "metaDescription": "",
        "redirectGroup": "",
        "jsName": "mha/deliveryDetail",
        "headerContent": [{
            "ruleLimit": "1",
            "@name": "Main Content Slot",
            "templateTypes": ["Layout"],
            "templateIds": [],
            "@type": "contentSlotLayout",
            "contentPaths": ["/content/Shared/Header"]
        }],
        "slideOutContent": [{
            "ruleLimit": "1",
            "@name": "Main Content Slot",
            "templateTypes": ["Layout"],
            "templateIds": [],
            "@type": "contentSlotLayout",
            "contentPaths": ["/content/Shared/SlideOut"]
        }],
        "mainContent": [{
            "disableLayout": false,
            "@name": "HTML Tag",
            "@type": "htmlTag",
            "tagType": "div",
            "selfClose": false,
            "id": "",
            "class": "main_content menu_bar clearfix browse-extend-background",
            "layout": [{
                "disableLayout": false,
                "@name": "HTML Tag",
                "@type": "htmlTag",
                "tagType": "div",
                "selfClose": false,
                "id": "",
                "class": "content-width content-area-background",
                "layout": [
                    {
                        "ruleLimit": "1",
                        "@name": "Main Content Slot",
                        "templateTypes": ["Layout"],
                        "templateIds": [],
                        "@type": "contentSlotLayout",
                        "contentPaths": ["/content/Shared/MHA Learn More"]
                    },
                    {
                        "ruleLimit": "1",
                        "@name": "Main Content Slot",
                        "templateTypes": ["Layout"],
                        "templateIds": [],
                        "@type": "contentSlotLayout",
                        "contentPaths": ["/content/Shared/MHA Show Move Out Breadcrumb"]
                    },
                    {
                        "disableLayout": false,
                        "@name": "HTML Tag",
                        "@type": "htmlTag",
                        "tagType": "div",
                        "selfClose": false,
                        "id": "",
                        "class": "clearfix page-title",
                        "layout": [
                            {
                                "ruleLimit": "1",
                                "@name": "Main Content Slot",
                                "templateTypes": ["Layout"],
                                "templateIds": [],
                                "@type": "contentSlotLayout",
                                "contentPaths": ["/content/Shared/MHA Title"]
                            },
                            {
                                "layout": [],
                                "disableLayout": false,
                                "@name": "HTML Tag",
                                "@type": "htmlTag",
                                "tagType": "",
                                "selfClose": false,
                                "id": "",
                                "class": "",
                                "function": {
                                    "@name": "MHA ProgressBar",
                                    "barItem": "deliveryDetailsPage",
                                    "@type": "mhaProgressBar"
                                }
                            }
                        ],
                        "function": {}
                    },
                    {
                        "layout": [],
                        "disableLayout": false,
                        "@name": "HTML Tag",
                        "@type": "htmlTag",
                        "tagType": "",
                        "selfClose": false,
                        "id": "",
                        "class": "",
                        "function": {
                            "@name": "Show Move Out Delivery Details",
                            "@type": "showMoveOutDeliveryDetails"
                        }
                    }
                ],
                "function": {}
            }],
            "function": {}
        }],
        "footerContent": [{
            "ruleLimit": "1",
            "@name": "Footer Content Slot",
            "templateTypes": ["Layout"],
            "templateIds": [],
            "@type": "contentSlotLayout",
            "contentPaths": ["/content/Shared/Footer"]
        }]
    }
}