{
    "workflowNote": "",
    "workflowState": "ACTIVE",
    "ecr:lastModifiedBy": "admin",
    "ecr:lastModified": "2018-12-26T07:06:51.480Z",
    "startTime": "",
    "endTime": "",
    "priority": 10,
    "ecr:createDate": "2018-12-26T15:06:51.480+08:00",
    "ecr:type": "content-item",
    "triggers": [{"exactLocation": false}],
    "contentItem": {
        "cssName": "show/style",
        "@name": "One Column Page",
        "metaKeywords": "",
        "@type": "oneColumnPage",
        "title": "FreemanOnline Events and Exhibit Solutions",
        "metaDescription": "",
        "redirectGroup": "",
        "jsName": "show/showSchedule",
        "headerContent": [{
            "ruleLimit": "1",
            "@name": "Header Content Slot",
            "templateTypes": ["Layout"],
            "templateIds": [],
            "@type": "contentSlotLayout",
            "contentPaths": ["/content/Shared/Header"]
        }],
        "slideOutContent": [{
            "ruleLimit": "1",
            "@name": "SlideOut Content Slot",
            "templateTypes": ["Layout"],
            "templateIds": [],
            "@type": "contentSlotLayout",
            "contentPaths": ["/content/Shared/SlideOut"]
        }],
        "mainContent": [{
            "disableLayout": false,
            "@name": "HTML Tag",
            "@type": "htmlTag",
            "tagType": "div",
            "selfClose": false,
            "id": "",
            "class": "main_content browse-extend-background",
            "layout": [
                {
                    "disableLayout": false,
                    "@name": "HTML Tag",
                    "@type": "htmlTag",
                    "tagType": "div",
                    "selfClose": false,
                    "id": "",
                    "class": "content-width show_schedule_header",
                    "layout": [
                        {
                            "layout": [],
                            "disableLayout": false,
                            "@name": "HTML Tag",
                            "@type": "htmlTag",
                            "tagType": "div",
                            "selfClose": false,
                            "id": "",
                            "class": "row hidden-xs",
                            "function": {
                                "attributeId": "",
                                "@name": "Configurable Breadcrumb",
                                "attributeClass": "",
                                "@type": "configurableBreadcrumb",
                                "breadcrumbItems": [
                                    {
                                        "attributeId": "",
                                        "@name": "Home",
                                        "isDynamic": true,
                                        "attributeClass": "",
                                        "displayName": "Home",
                                        "@type": "breadcrumbItem",
                                        "url": "/user/my-dashboard.jsp"
                                    },
                                    {
                                        "attributeId": "",
                                        "@name": "Breadcrumb Item",
                                        "isDynamic": false,
                                        "attributeClass": "",
                                        "displayName": "Show Schedule",
                                        "@type": "breadcrumbItem",
                                        "url": ""
                                    }
                                ]
                            }
                        },
                        {
                            "layout": [],
                            "disableLayout": false,
                            "@name": "HTML Tag",
                            "@type": "htmlTag",
                            "tagType": "",
                            "selfClose": false,
                            "id": "",
                            "class": "",
                            "function": {
                                "@name": "Show Schedule Title",
                                "@type": "showScheduleTitle"
                            }
                        }
                    ],
                    "function": {}
                },
                {
                    "layout": [],
                    "disableLayout": false,
                    "@name": "HTML Tag",
                    "@type": "htmlTag",
                    "tagType": "",
                    "selfClose": false,
                    "id": "",
                    "class": "",
                    "function": {
                        "@name": "Show Schedule",
                        "@type": "showSchedule"
                    }
                }
            ],
            "function": {}
        }],
        "footerContent": [{
            "ruleLimit": "1",
            "@name": "Footer Content Slot",
            "templateTypes": ["Layout"],
            "templateIds": [],
            "@type": "contentSlotLayout",
            "contentPaths": ["/content/Shared/Footer"]
        }]
    }
}