{
    "@description": "${template.description}",
    "@group": "Function",
    "ecr:createDate": "2019-09-23T17:09:22.283+08:00",
    "@thumbnailUrl": "",
    "ecr:type": "template",
    "locales": {},
    "typeInfo": {
        "attributeClass": {"@propertyType": "String"},
        "attributeId": {"@propertyType": "String"},
        "breadcrumbItems": {
            "@propertyType": "ContentItemList",
            "@group": "BreadcrumbItem"
        }
    },
    "defaultContentItem": {
        "attributeId": "",
        "@name": "Configurable Breadcrumb",
        "attributeClass": "",
        "breadcrumbItems": []
    },
    "editorPanel": {
        "editor": "editors/DefaultEditorPanel",
        "children": [
            {
                "editor": "GroupLabel",
                "label": "General Config"
            },
            {
                "editor": "editors/StringEditor",
                "propertyName": "attributeClass",
                "label": "${template.attributeClass.label}",
                "enabled": true
            },
            {
                "editor": "editors/StringEditor",
                "propertyName": "attributeId",
                "label": "${template.attributeId.label}",
                "enabled": true
            }
        ]
    }
}